<?xml version='1.0' encoding='UTF-8'?>
<DEFECTS><DEFECT><SFA><FILEPATH>d:\waldo\trunka\source\common\include\crlpref\</FILEPATH><FILENAME>conversionpolicy.h</FILENAME><LINE>421</LINE><COLUMN>0</COLUMN></SFA><DEFECTCODE>6340</DEFECTCODE><DESCRIPTION>Mismatch on sign: 'const unsigned int' passed as _Param_(2) when some signed type is required in call to 'ATL::CStringT&lt;wchar_t,StrTraitMFC_DLL&lt;wchar_t,ATL::ChTraitsCRT&lt;wchar_t&gt; &gt; &gt;::Format'.</DESCRIPTION><FUNCTION>CrlPref::Detail::ConversionPolicy&lt;unsigned int&gt;::ToString</FUNCTION><DECORATED>?ToString@?$ConversionPolicy@I@Detail@CrlPref@@UBE?AV?$CStringT@_WV?$StrTraitMFC_DLL@_WV?$ChTraitsCRT@_W@ATL@@@@@ATL@@ABVAny@CrlUtils@@@Z</DECORATED><FUNCLINE>421</FUNCLINE><PATH/></DEFECT><DEFECT><SFA><FILEPATH>d:\waldo\trunka\source\common\include\crlpref\</FILEPATH><FILENAME>conversionpolicy.h</FILENAME><LINE>423</LINE><COLUMN>0</COLUMN></SFA><DEFECTCODE>6340</DEFECTCODE><DESCRIPTION>Mismatch on sign: 'const unsigned short' passed as _Param_(2) when some signed type is required in call to 'ATL::CStringT&lt;wchar_t,StrTraitMFC_DLL&lt;wchar_t,ATL::ChTraitsCRT&lt;wchar_t&gt; &gt; &gt;::Format'.</DESCRIPTION><FUNCTION>CrlPref::Detail::ConversionPolicy&lt;unsigned short&gt;::ToString</FUNCTION><DECORATED>?ToString@?$ConversionPolicy@G@Detail@CrlPref@@UBE?AV?$CStringT@_WV?$StrTraitMFC_DLL@_WV?$ChTraitsCRT@_W@ATL@@@@@ATL@@ABVAny@CrlUtils@@@Z</DECORATED><FUNCLINE>423</FUNCLINE><PATH/></DEFECT><DEFECT><SFA><FILEPATH>d:\waldo\trunka\source\common\include\crlpref\</FILEPATH><FILENAME>conversionpolicy.h</FILENAME><LINE>425</LINE><COLUMN>0</COLUMN></SFA><DEFECTCODE>6340</DEFECTCODE><DESCRIPTION>Mismatch on sign: 'const unsigned long' passed as _Param_(2) when some signed type is required in call to 'ATL::CStringT&lt;wchar_t,StrTraitMFC_DLL&lt;wchar_t,ATL::ChTraitsCRT&lt;wchar_t&gt; &gt; &gt;::Format'.</DESCRIPTION><FUNCTION>CrlPref::Detail::ConversionPolicy&lt;unsigned long&gt;::ToString</FUNCTION><DECORATED>?ToString@?$ConversionPolicy@K@Detail@CrlPref@@UBE?AV?$CStringT@_WV?$StrTraitMFC_DLL@_WV?$ChTraitsCRT@_W@ATL@@@@@ATL@@ABVAny@CrlUtils@@@Z</DECORATED><FUNCLINE>425</FUNCLINE><PATH/></DEFECT><DEFECT><SFA><FILEPATH>d:\waldo\trunka\source\common\include\crlpref\</FILEPATH><FILENAME>conversionpolicy.h</FILENAME><LINE>427</LINE><COLUMN>0</COLUMN></SFA><DEFECTCODE>6340</DEFECTCODE><DESCRIPTION>Mismatch on sign: 'const unsigned char' passed as _Param_(2) when some signed type is required in call to 'ATL::CStringT&lt;wchar_t,StrTraitMFC_DLL&lt;wchar_t,ATL::ChTraitsCRT&lt;wchar_t&gt; &gt; &gt;::Format'.</DESCRIPTION><FUNCTION>CrlPref::Detail::ConversionPolicy&lt;unsigned char&gt;::ToString</FUNCTION><DECORATED>?ToString@?$ConversionPolicy@E@Detail@CrlPref@@UBE?AV?$CStringT@_WV?$StrTraitMFC_DLL@_WV?$ChTraitsCRT@_W@ATL@@@@@ATL@@ABVAny@CrlUtils@@@Z</DECORATED><FUNCLINE>427</FUNCLINE><PATH/></DEFECT><DEFECT><SFA><FILEPATH>d:\waldo\trunka\source\common\include\crli18n\</FILEPATH><FILENAME>opentypefont.h</FILENAME><LINE>1812</LINE><COLUMN>12</COLUMN></SFA><DEFECTCODE>6246</DEFECTCODE><DESCRIPTION>Local declaration of 'i' hides declaration of the same name in outer scope. For additional information, see previous declaration at line '1797' of 'd:\waldo\trunka\source\common\include\crli18n\opentypefont.h'.</DESCRIPTION><FUNCTION>CorelOpenType::SNAMEHeader::GetLangTagRecordValue</FUNCTION><DECORATED>?GetLangTagRecordValue@SNAMEHeader@CorelOpenType@@QBE?BV?$CStringT@_WV?$StrTraitMFC_DLL@_WV?$ChTraitsCRT@_W@ATL@@@@@ATL@@H@Z</DECORATED><FUNCLINE>1797</FUNCLINE><PATH><SFA><FILEPATH>d:\waldo\trunka\source\common\include\crli18n\</FILEPATH><FILENAME>opentypefont.h</FILENAME><LINE>1797</LINE><COLUMN>42</COLUMN></SFA></PATH></DEFECT><DEFECT><SFA><FILEPATH>d:\waldo\trunka\source\common\include\crli18n\</FILEPATH><FILENAME>opentypefont.h</FILENAME><LINE>1809</LINE><COLUMN>56</COLUMN></SFA><DEFECTCODE>6268</DEFECTCODE><DESCRIPTION>Incorrect order of operations: (&lt;TYPE1&gt;)(&lt;TYPE2&gt;)x + y.  Parentheses in (&lt;TYPE1&gt;)((&lt;TYPE2&gt;)x + y) might be missing.</DESCRIPTION><FUNCTION>CorelOpenType::SNAMEHeader::GetLangTagRecordValue</FUNCTION><DECORATED>?GetLangTagRecordValue@SNAMEHeader@CorelOpenType@@QBE?BV?$CStringT@_WV?$StrTraitMFC_DLL@_WV?$ChTraitsCRT@_W@ATL@@@@@ATL@@H@Z</DECORATED><FUNCLINE>1797</FUNCLINE><PATH/></DEFECT><DEFECT><SFA><FILEPATH>d:\waldo\trunka\source\common\include\crli18n\</FILEPATH><FILENAME>opentypefont.h</FILENAME><LINE>1840</LINE><COLUMN>13</COLUMN></SFA><DEFECTCODE>6246</DEFECTCODE><DESCRIPTION>Local declaration of 'i' hides declaration of the same name in outer scope. For additional information, see previous declaration at line '1829' of 'd:\waldo\trunka\source\common\include\crli18n\opentypefont.h'.</DESCRIPTION><FUNCTION>CorelOpenType::SNAMEHeader::GetNameRecordString</FUNCTION><DECORATED>?GetNameRecordString@SNAMEHeader@CorelOpenType@@QBE?AV?$CStringT@_WV?$StrTraitMFC_DLL@_WV?$ChTraitsCRT@_W@ATL@@@@@ATL@@H@Z</DECORATED><FUNCLINE>1829</FUNCLINE><PATH><SFA><FILEPATH>d:\waldo\trunka\source\common\include\crli18n\</FILEPATH><FILENAME>opentypefont.h</FILENAME><LINE>1829</LINE><COLUMN>34</COLUMN></SFA></PATH></DEFECT><DEFECT><SFA><FILEPATH>d:\waldo\trunka\source\common\include\crli18n\</FILEPATH><FILENAME>opentypefont.h</FILENAME><LINE>1893</LINE><COLUMN>13</COLUMN></SFA><DEFECTCODE>6246</DEFECTCODE><DESCRIPTION>Local declaration of 'i' hides declaration of the same name in outer scope. For additional information, see previous declaration at line '1829' of 'd:\waldo\trunka\source\common\include\crli18n\opentypefont.h'.</DESCRIPTION><FUNCTION>CorelOpenType::SNAMEHeader::GetNameRecordString</FUNCTION><DECORATED>?GetNameRecordString@SNAMEHeader@CorelOpenType@@QBE?AV?$CStringT@_WV?$StrTraitMFC_DLL@_WV?$ChTraitsCRT@_W@ATL@@@@@ATL@@H@Z</DECORATED><FUNCLINE>1829</FUNCLINE><PATH><SFA><FILEPATH>d:\waldo\trunka\source\common\include\crli18n\</FILEPATH><FILENAME>opentypefont.h</FILENAME><LINE>1829</LINE><COLUMN>34</COLUMN></SFA></PATH></DEFECT><DEFECT><SFA><FILEPATH>d:\waldo\trunka\source\common\include\crli18n\</FILEPATH><FILENAME>opentypefont.h</FILENAME><LINE>1914</LINE><COLUMN>14</COLUMN></SFA><DEFECTCODE>6246</DEFECTCODE><DESCRIPTION>Local declaration of 'i' hides declaration of the same name in outer scope. For additional information, see previous declaration at line '1829' of 'd:\waldo\trunka\source\common\include\crli18n\opentypefont.h'.</DESCRIPTION><FUNCTION>CorelOpenType::SNAMEHeader::GetNameRecordString</FUNCTION><DECORATED>?GetNameRecordString@SNAMEHeader@CorelOpenType@@QBE?AV?$CStringT@_WV?$StrTraitMFC_DLL@_WV?$ChTraitsCRT@_W@ATL@@@@@ATL@@H@Z</DECORATED><FUNCLINE>1829</FUNCLINE><PATH><SFA><FILEPATH>d:\waldo\trunka\source\common\include\crli18n\</FILEPATH><FILENAME>opentypefont.h</FILENAME><LINE>1829</LINE><COLUMN>34</COLUMN></SFA></PATH></DEFECT><DEFECT><SFA><FILEPATH>d:\waldo\trunka\source\common\include\crli18n\</FILEPATH><FILENAME>opentypefont.h</FILENAME><LINE>1937</LINE><COLUMN>15</COLUMN></SFA><DEFECTCODE>6246</DEFECTCODE><DESCRIPTION>Local declaration of 'i' hides declaration of the same name in outer scope. For additional information, see previous declaration at line '1829' of 'd:\waldo\trunka\source\common\include\crli18n\opentypefont.h'.</DESCRIPTION><FUNCTION>CorelOpenType::SNAMEHeader::GetNameRecordString</FUNCTION><DECORATED>?GetNameRecordString@SNAMEHeader@CorelOpenType@@QBE?AV?$CStringT@_WV?$StrTraitMFC_DLL@_WV?$ChTraitsCRT@_W@ATL@@@@@ATL@@H@Z</DECORATED><FUNCLINE>1829</FUNCLINE><PATH><SFA><FILEPATH>d:\waldo\trunka\source\common\include\crli18n\</FILEPATH><FILENAME>opentypefont.h</FILENAME><LINE>1829</LINE><COLUMN>34</COLUMN></SFA></PATH></DEFECT><DEFECT><SFA><FILEPATH>d:\waldo\trunka\source\common\include\crli18n\</FILEPATH><FILENAME>opentypefont.h</FILENAME><LINE>2343</LINE><COLUMN>30</COLUMN></SFA><DEFECTCODE>6387</DEFECTCODE><DESCRIPTION>'_Param_(2)' could be '0':  this does not adhere to the specification for the function 'ATL::CStringT&lt;wchar_t,StrTraitMFC_DLL&lt;wchar_t,ATL::ChTraitsCRT&lt;wchar_t&gt; &gt; &gt;::Replace'. </DESCRIPTION><FUNCTION>CorelOpenType::StandardizeFontFamilyName</FUNCTION><DECORATED>?StandardizeFontFamilyName@CorelOpenType@@YAXAAV?$CStringT@_WV?$StrTraitMFC_DLL@_WV?$ChTraitsCRT@_W@ATL@@@@@ATL@@PAV23@@Z</DECORATED><FUNCLINE>2225</FUNCLINE><PROBABILITY>1</PROBABILITY><RANK>4</RANK><CATEGORY><RULECATEGORY>mspft</RULECATEGORY></CATEGORY><PATH><SFA><FILEPATH>d:\waldo\trunka\source\common\include\crli18n\</FILEPATH><FILENAME>opentypefont.h</FILENAME><LINE>2227</LINE><COLUMN>21</COLUMN></SFA><SFA><FILEPATH>d:\waldo\trunka\source\common\include\crli18n\</FILEPATH><FILENAME>opentypefont.h</FILENAME><LINE>2230</LINE><COLUMN>10</COLUMN></SFA><SFA><FILEPATH>d:\waldo\trunka\source\common\include\crli18n\</FILEPATH><FILENAME>opentypefont.h</FILENAME><LINE>2231</LINE><COLUMN>10</COLUMN></SFA><SFA><FILEPATH>d:\waldo\trunka\source\common\include\crli18n\</FILEPATH><FILENAME>opentypefont.h</FILENAME><LINE>2232</LINE><COLUMN>32</COLUMN></SFA><SFA><FILEPATH>d:\waldo\trunka\source\common\include\crli18n\</FILEPATH><FILENAME>opentypefont.h</FILENAME><LINE>2261</LINE><COLUMN>2</COLUMN></SFA><SFA><FILEPATH>d:\waldo\trunka\source\common\include\crli18n\</FILEPATH><FILENAME>opentypefont.h</FILENAME><LINE>2234</LINE><COLUMN>7</COLUMN></SFA><SFA><FILEPATH>d:\waldo\trunka\source\common\include\crli18n\</FILEPATH><FILENAME>opentypefont.h</FILENAME><LINE>2265</LINE><COLUMN>15</COLUMN></SFA><SFA><FILEPATH>d:\waldo\trunka\source\common\include\crli18n\</FILEPATH><FILENAME>opentypefont.h</FILENAME><LINE>2265</LINE><COLUMN>28</COLUMN></SFA><SFA><FILEPATH>d:\waldo\trunka\source\common\include\crli18n\</FILEPATH><FILENAME>opentypefont.h</FILENAME><LINE>2265</LINE><COLUMN>15</COLUMN></SFA><SFA><FILEPATH>d:\waldo\trunka\source\common\include\crli18n\</FILEPATH><FILENAME>opentypefont.h</FILENAME><LINE>2265</LINE><COLUMN>16</COLUMN></SFA><SFA><FILEPATH>d:\waldo\trunka\source\common\include\crli18n\</FILEPATH><FILENAME>opentypefont.h</FILENAME><LINE>2265</LINE><COLUMN>15</COLUMN></SFA><SFA><FILEPATH>d:\waldo\trunka\source\common\include\crli18n\</FILEPATH><FILENAME>opentypefont.h</FILENAME><LINE>2266</LINE><COLUMN>15</COLUMN></SFA><SFA><FILEPATH>d:\waldo\trunka\source\common\include\crli18n\</FILEPATH><FILENAME>opentypefont.h</FILENAME><LINE>2266</LINE><COLUMN>27</COLUMN></SFA><SFA><FILEPATH>d:\waldo\trunka\source\common\include\crli18n\</FILEPATH><FILENAME>opentypefont.h</FILENAME><LINE>2266</LINE><COLUMN>15</COLUMN></SFA><SFA><FILEPATH>d:\waldo\trunka\source\common\include\crli18n\</FILEPATH><FILENAME>opentypefont.h</FILENAME><LINE>2266</LINE><COLUMN>16</COLUMN></SFA><SFA><FILEPATH>d:\waldo\trunka\source\common\include\crli18n\</FILEPATH><FILENAME>opentypefont.h</FILENAME><LINE>2266</LINE><COLUMN>15</COLUMN></SFA><SFA><FILEPATH>d:\waldo\trunka\source\common\include\crli18n\</FILEPATH><FILENAME>opentypefont.h</FILENAME><LINE>2267</LINE><COLUMN>15</COLUMN></SFA><SFA><FILEPATH>d:\waldo\trunka\source\common\include\crli18n\</FILEPATH><FILENAME>opentypefont.h</FILENAME><LINE>2267</LINE><COLUMN>29</COLUMN></SFA><SFA><FILEPATH>d:\waldo\trunka\source\common\include\crli18n\</FILEPATH><FILENAME>opentypefont.h</FILENAME><LINE>2267</LINE><COLUMN>15</COLUMN></SFA><SFA><FILEPATH>d:\waldo\trunka\source\common\include\crli18n\</FILEPATH><FILENAME>opentypefont.h</FILENAME><LINE>2267</LINE><COLUMN>16</COLUMN></SFA><SFA><FILEPATH>d:\waldo\trunka\source\common\include\crli18n\</FILEPATH><FILENAME>opentypefont.h</FILENAME><LINE>2267</LINE><COLUMN>15</COLUMN></SFA><SFA><FILEPATH>d:\waldo\trunka\source\common\include\crli18n\</FILEPATH><FILENAME>opentypefont.h</FILENAME><LINE>2268</LINE><COLUMN>15</COLUMN></SFA><SFA><FILEPATH>d:\waldo\trunka\source\common\include\crli18n\</FILEPATH><FILENAME>opentypefont.h</FILENAME><LINE>2268</LINE><COLUMN>30</COLUMN></SFA><SFA><FILEPATH>d:\waldo\trunka\source\common\include\crli18n\</FILEPATH><FILENAME>opentypefont.h</FILENAME><LINE>2268</LINE><COLUMN>15</COLUMN></SFA><SFA><FILEPATH>d:\waldo\trunka\source\common\include\crli18n\</FILEPATH><FILENAME>opentypefont.h</FILENAME><LINE>2268</LINE><COLUMN>16</COLUMN></SFA><SFA><FILEPATH>d:\waldo\trunka\source\common\include\crli18n\</FILEPATH><FILENAME>opentypefont.h</FILENAME><LINE>2268</LINE><COLUMN>15</COLUMN></SFA><SFA><FILEPATH>d:\waldo\trunka\source\common\include\crli18n\</FILEPATH><FILENAME>opentypefont.h</FILENAME><LINE>2269</LINE><COLUMN>15</COLUMN></SFA><SFA><FILEPATH>d:\waldo\trunka\source\common\include\crli18n\</FILEPATH><FILENAME>opentypefont.h</FILENAME><LINE>2269</LINE><COLUMN>29</COLUMN></SFA><SFA><FILEPATH>d:\waldo\trunka\source\common\include\crli18n\</FILEPATH><FILENAME>opentypefont.h</FILENAME><LINE>2269</LINE><COLUMN>15</COLUMN></SFA><SFA><FILEPATH>d:\waldo\trunka\source\common\include\crli18n\</FILEPATH><FILENAME>opentypefont.h</FILENAME><LINE>2269</LINE><COLUMN>16</COLUMN></SFA><SFA><FILEPATH>d:\waldo\trunka\source\common\include\crli18n\</FILEPATH><FILENAME>opentypefont.h</FILENAME><LINE>2269</LINE><COLUMN>15</COLUMN></SFA><SFA><FILEPATH>d:\waldo\trunka\source\common\include\crli18n\</FILEPATH><FILENAME>opentypefont.h</FILENAME><LINE>2270</LINE><COLUMN>15</COLUMN></SFA><SFA><FILEPATH>d:\waldo\trunka\source\common\include\crli18n\</FILEPATH><FILENAME>opentypefont.h</FILENAME><LINE>2270</LINE><COLUMN>29</COLUMN></SFA><SFA><FILEPATH>d:\waldo\trunka\source\common\include\crli18n\</FILEPATH><FILENAME>opentypefont.h</FILENAME><LINE>2270</LINE><COLUMN>15</COLUMN></SFA><SFA><FILEPATH>d:\waldo\trunka\source\common\include\crli18n\</FILEPATH><FILENAME>opentypefont.h</FILENAME><LINE>2270</LINE><COLUMN>16</COLUMN></SFA><SFA><FILEPATH>d:\waldo\trunka\source\common\include\crli18n\</FILEPATH><FILENAME>opentypefont.h</FILENAME><LINE>2270</LINE><COLUMN>15</COLUMN></SFA><SFA><FILEPATH>d:\waldo\trunka\source\common\include\crli18n\</FILEPATH><FILENAME>opentypefont.h</FILENAME><LINE>2271</LINE><COLUMN>15</COLUMN></SFA><SFA><FILEPATH>d:\waldo\trunka\source\common\include\crli18n\</FILEPATH><FILENAME>opentypefont.h</FILENAME><LINE>2271</LINE><COLUMN>31</COLUMN></SFA><SFA><FILEPATH>d:\waldo\trunka\source\common\include\crli18n\</FILEPATH><FILENAME>opentypefont.h</FILENAME><LINE>2271</LINE><COLUMN>15</COLUMN></SFA><SFA><FILEPATH>d:\waldo\trunka\source\common\include\crli18n\</FILEPATH><FILENAME>opentypefont.h</FILENAME><LINE>2271</LINE><COLUMN>16</COLUMN></SFA><SFA><FILEPATH>d:\waldo\trunka\source\common\include\crli18n\</FILEPATH><FILENAME>opentypefont.h</FILENAME><LINE>2271</LINE><COLUMN>15</COLUMN></SFA><SFA><FILEPATH>d:\waldo\trunka\source\common\include\crli18n\</FILEPATH><FILENAME>opentypefont.h</FILENAME><LINE>2272</LINE><COLUMN>15</COLUMN></SFA><SFA><FILEPATH>d:\waldo\trunka\source\common\include\crli18n\</FILEPATH><FILENAME>opentypefont.h</FILENAME><LINE>2272</LINE><COLUMN>32</COLUMN></SFA><SFA><FILEPATH>d:\waldo\trunka\source\common\include\crli18n\</FILEPATH><FILENAME>opentypefont.h</FILENAME><LINE>2272</LINE><COLUMN>15</COLUMN></SFA><SFA><FILEPATH>d:\waldo\trunka\source\common\include\crli18n\</FILEPATH><FILENAME>opentypefont.h</FILENAME><LINE>2272</LINE><COLUMN>16</COLUMN></SFA><SFA><FILEPATH>d:\waldo\trunka\source\common\include\crli18n\</FILEPATH><FILENAME>opentypefont.h</FILENAME><LINE>2272</LINE><COLUMN>15</COLUMN></SFA><SFA><FILEPATH>d:\waldo\trunka\source\common\include\crli18n\</FILEPATH><FILENAME>opentypefont.h</FILENAME><LINE>2273</LINE><COLUMN>15</COLUMN></SFA><SFA><FILEPATH>d:\waldo\trunka\source\common\include\crli18n\</FILEPATH><FILENAME>opentypefont.h</FILENAME><LINE>2273</LINE><COLUMN>33</COLUMN></SFA><SFA><FILEPATH>d:\waldo\trunka\source\common\include\crli18n\</FILEPATH><FILENAME>opentypefont.h</FILENAME><LINE>2273</LINE><COLUMN>15</COLUMN></SFA><SFA><FILEPATH>d:\waldo\trunka\source\common\include\crli18n\</FILEPATH><FILENAME>opentypefont.h</FILENAME><LINE>2273</LINE><COLUMN>16</COLUMN></SFA><SFA><FILEPATH>d:\waldo\trunka\source\common\include\crli18n\</FILEPATH><FILENAME>opentypefont.h</FILENAME><LINE>2273</LINE><COLUMN>15</COLUMN></SFA><SFA><FILEPATH>d:\waldo\trunka\source\common\include\crli18n\</FILEPATH><FILENAME>opentypefont.h</FILENAME><LINE>2274</LINE><COLUMN>15</COLUMN></SFA><SFA><FILEPATH>d:\waldo\trunka\source\common\include\crli18n\</FILEPATH><FILENAME>opentypefont.h</FILENAME><LINE>2274</LINE><COLUMN>33</COLUMN></SFA><SFA><FILEPATH>d:\waldo\trunka\source\common\include\crli18n\</FILEPATH><FILENAME>opentypefont.h</FILENAME><LINE>2274</LINE><COLUMN>15</COLUMN></SFA><SFA><FILEPATH>d:\waldo\trunka\source\common\include\crli18n\</FILEPATH><FILENAME>opentypefont.h</FILENAME><LINE>2274</LINE><COLUMN>16</COLUMN></SFA><SFA><FILEPATH>d:\waldo\trunka\source\common\include\crli18n\</FILEPATH><FILENAME>opentypefont.h</FILENAME><LINE>2274</LINE><COLUMN>15</COLUMN></SFA><SFA><FILEPATH>d:\waldo\trunka\source\common\include\crli18n\</FILEPATH><FILENAME>opentypefont.h</FILENAME><LINE>2275</LINE><COLUMN>15</COLUMN></SFA><SFA><FILEPATH>d:\waldo\trunka\source\common\include\crli18n\</FILEPATH><FILENAME>opentypefont.h</FILENAME><LINE>2275</LINE><COLUMN>34</COLUMN></SFA><SFA><FILEPATH>d:\waldo\trunka\source\common\include\crli18n\</FILEPATH><FILENAME>opentypefont.h</FILENAME><LINE>2275</LINE><COLUMN>15</COLUMN></SFA><SFA><FILEPATH>d:\waldo\trunka\source\common\include\crli18n\</FILEPATH><FILENAME>opentypefont.h</FILENAME><LINE>2275</LINE><COLUMN>16</COLUMN></SFA><SFA><FILEPATH>d:\waldo\trunka\source\common\include\crli18n\</FILEPATH><FILENAME>opentypefont.h</FILENAME><LINE>2275</LINE><COLUMN>15</COLUMN></SFA><SFA><FILEPATH>d:\waldo\trunka\source\common\include\crli18n\</FILEPATH><FILENAME>opentypefont.h</FILENAME><LINE>2276</LINE><COLUMN>15</COLUMN></SFA><SFA><FILEPATH>d:\waldo\trunka\source\common\include\crli18n\</FILEPATH><FILENAME>opentypefont.h</FILENAME><LINE>2276</LINE><COLUMN>35</COLUMN></SFA><SFA><FILEPATH>d:\waldo\trunka\source\common\include\crli18n\</FILEPATH><FILENAME>opentypefont.h</FILENAME><LINE>2276</LINE><COLUMN>15</COLUMN></SFA><SFA><FILEPATH>d:\waldo\trunka\source\common\include\crli18n\</FILEPATH><FILENAME>opentypefont.h</FILENAME><LINE>2276</LINE><COLUMN>16</COLUMN></SFA><SFA><FILEPATH>d:\waldo\trunka\source\common\include\crli18n\</FILEPATH><FILENAME>opentypefont.h</FILENAME><LINE>2276</LINE><COLUMN>15</COLUMN></SFA><SFA><FILEPATH>d:\waldo\trunka\source\common\include\crli18n\</FILEPATH><FILENAME>opentypefont.h</FILENAME><LINE>2277</LINE><COLUMN>15</COLUMN></SFA><SFA><FILEPATH>d:\waldo\trunka\source\common\include\crli18n\</FILEPATH><FILENAME>opentypefont.h</FILENAME><LINE>2277</LINE><COLUMN>29</COLUMN></SFA><SFA><FILEPATH>d:\waldo\trunka\source\common\include\crli18n\</FILEPATH><FILENAME>opentypefont.h</FILENAME><LINE>2277</LINE><COLUMN>15</COLUMN></SFA><SFA><FILEPATH>d:\waldo\trunka\source\common\include\crli18n\</FILEPATH><FILENAME>opentypefont.h</FILENAME><LINE>2277</LINE><COLUMN>16</COLUMN></SFA><SFA><FILEPATH>d:\waldo\trunka\source\common\include\crli18n\</FILEPATH><FILENAME>opentypefont.h</FILENAME><LINE>2277</LINE><COLUMN>15</COLUMN></SFA><SFA><FILEPATH>d:\waldo\trunka\source\common\include\crli18n\</FILEPATH><FILENAME>opentypefont.h</FILENAME><LINE>2278</LINE><COLUMN>15</COLUMN></SFA><SFA><FILEPATH>d:\waldo\trunka\source\common\include\crli18n\</FILEPATH><FILENAME>opentypefont.h</FILENAME><LINE>2278</LINE><COLUMN>29</COLUMN></SFA><SFA><FILEPATH>d:\waldo\trunka\source\common\include\crli18n\</FILEPATH><FILENAME>opentypefont.h</FILENAME><LINE>2278</LINE><COLUMN>15</COLUMN></SFA><SFA><FILEPATH>d:\waldo\trunka\source\common\include\crli18n\</FILEPATH><FILENAME>opentypefont.h</FILENAME><LINE>2278</LINE><COLUMN>16</COLUMN></SFA><SFA><FILEPATH>d:\waldo\trunka\source\common\include\crli18n\</FILEPATH><FILENAME>opentypefont.h</FILENAME><LINE>2278</LINE><COLUMN>15</COLUMN></SFA><SFA><FILEPATH>d:\waldo\trunka\source\common\include\crli18n\</FILEPATH><FILENAME>opentypefont.h</FILENAME><LINE>2279</LINE><COLUMN>15</COLUMN></SFA><SFA><FILEPATH>d:\waldo\trunka\source\common\include\crli18n\</FILEPATH><FILENAME>opentypefont.h</FILENAME><LINE>2279</LINE><COLUMN>30</COLUMN></SFA><SFA><FILEPATH>d:\waldo\trunka\source\common\include\crli18n\</FILEPATH><FILENAME>opentypefont.h</FILENAME><LINE>2279</LINE><COLUMN>15</COLUMN></SFA><SFA><FILEPATH>d:\waldo\trunka\source\common\include\crli18n\</FILEPATH><FILENAME>opentypefont.h</FILENAME><LINE>2279</LINE><COLUMN>16</COLUMN></SFA><SFA><FILEPATH>d:\waldo\trunka\source\common\include\crli18n\</FILEPATH><FILENAME>opentypefont.h</FILENAME><LINE>2279</LINE><COLUMN>15</COLUMN></SFA><SFA><FILEPATH>d:\waldo\trunka\source\common\include\crli18n\</FILEPATH><FILENAME>opentypefont.h</FILENAME><LINE>2280</LINE><COLUMN>15</COLUMN></SFA><SFA><FILEPATH>d:\waldo\trunka\source\common\include\crli18n\</FILEPATH><FILENAME>opentypefont.h</FILENAME><LINE>2280</LINE><COLUMN>30</COLUMN></SFA><SFA><FILEPATH>d:\waldo\trunka\source\common\include\crli18n\</FILEPATH><FILENAME>opentypefont.h</FILENAME><LINE>2280</LINE><COLUMN>15</COLUMN></SFA><SFA><FILEPATH>d:\waldo\trunka\source\common\include\crli18n\</FILEPATH><FILENAME>opentypefont.h</FILENAME><LINE>2280</LINE><COLUMN>16</COLUMN></SFA><SFA><FILEPATH>d:\waldo\trunka\source\common\include\crli18n\</FILEPATH><FILENAME>opentypefont.h</FILENAME><LINE>2280</LINE><COLUMN>15</COLUMN></SFA><SFA><FILEPATH>d:\waldo\trunka\source\common\include\crli18n\</FILEPATH><FILENAME>opentypefont.h</FILENAME><LINE>2281</LINE><COLUMN>15</COLUMN></SFA><SFA><FILEPATH>d:\waldo\trunka\source\common\include\crli18n\</FILEPATH><FILENAME>opentypefont.h</FILENAME><LINE>2281</LINE><COLUMN>31</COLUMN></SFA><SFA><FILEPATH>d:\waldo\trunka\source\common\include\crli18n\</FILEPATH><FILENAME>opentypefont.h</FILENAME><LINE>2281</LINE><COLUMN>15</COLUMN></SFA><SFA><FILEPATH>d:\waldo\trunka\source\common\include\crli18n\</FILEPATH><FILENAME>opentypefont.h</FILENAME><LINE>2281</LINE><COLUMN>16</COLUMN></SFA><SFA><FILEPATH>d:\waldo\trunka\source\common\include\crli18n\</FILEPATH><FILENAME>opentypefont.h</FILENAME><LINE>2281</LINE><COLUMN>15</COLUMN></SFA><SFA><FILEPATH>d:\waldo\trunka\source\common\include\crli18n\</FILEPATH><FILENAME>opentypefont.h</FILENAME><LINE>2282</LINE><COLUMN>15</COLUMN></SFA><SFA><FILEPATH>d:\waldo\trunka\source\common\include\crli18n\</FILEPATH><FILENAME>opentypefont.h</FILENAME><LINE>2282</LINE><COLUMN>29</COLUMN></SFA><SFA><FILEPATH>d:\waldo\trunka\source\common\include\crli18n\</FILEPATH><FILENAME>opentypefont.h</FILENAME><LINE>2282</LINE><COLUMN>15</COLUMN></SFA><SFA><FILEPATH>d:\waldo\trunka\source\common\include\crli18n\</FILEPATH><FILENAME>opentypefont.h</FILENAME><LINE>2282</LINE><COLUMN>16</COLUMN></SFA><SFA><FILEPATH>d:\waldo\trunka\source\common\include\crli18n\</FILEPATH><FILENAME>opentypefont.h</FILENAME><LINE>2282</LINE><COLUMN>15</COLUMN></SFA><SFA><FILEPATH>d:\waldo\trunka\source\common\include\crli18n\</FILEPATH><FILENAME>opentypefont.h</FILENAME><LINE>2283</LINE><COLUMN>15</COLUMN></SFA><SFA><FILEPATH>d:\waldo\trunka\source\common\include\crli18n\</FILEPATH><FILENAME>opentypefont.h</FILENAME><LINE>2283</LINE><COLUMN>28</COLUMN></SFA><SFA><FILEPATH>d:\waldo\trunka\source\common\include\crli18n\</FILEPATH><FILENAME>opentypefont.h</FILENAME><LINE>2283</LINE><COLUMN>15</COLUMN></SFA><SFA><FILEPATH>d:\waldo\trunka\source\common\include\crli18n\</FILEPATH><FILENAME>opentypefont.h</FILENAME><LINE>2283</LINE><COLUMN>16</COLUMN></SFA><SFA><FILEPATH>d:\waldo\trunka\source\common\include\crli18n\</FILEPATH><FILENAME>opentypefont.h</FILENAME><LINE>2283</LINE><COLUMN>15</COLUMN></SFA><SFA><FILEPATH>d:\waldo\trunka\source\common\include\crli18n\</FILEPATH><FILENAME>opentypefont.h</FILENAME><LINE>2284</LINE><COLUMN>15</COLUMN></SFA><SFA><FILEPATH>d:\waldo\trunka\source\common\include\crli18n\</FILEPATH><FILENAME>opentypefont.h</FILENAME><LINE>2284</LINE><COLUMN>29</COLUMN></SFA><SFA><FILEPATH>d:\waldo\trunka\source\common\include\crli18n\</FILEPATH><FILENAME>opentypefont.h</FILENAME><LINE>2284</LINE><COLUMN>15</COLUMN></SFA><SFA><FILEPATH>d:\waldo\trunka\source\common\include\crli18n\</FILEPATH><FILENAME>opentypefont.h</FILENAME><LINE>2284</LINE><COLUMN>16</COLUMN></SFA><SFA><FILEPATH>d:\waldo\trunka\source\common\include\crli18n\</FILEPATH><FILENAME>opentypefont.h</FILENAME><LINE>2284</LINE><COLUMN>15</COLUMN></SFA><SFA><FILEPATH>d:\waldo\trunka\source\common\include\crli18n\</FILEPATH><FILENAME>opentypefont.h</FILENAME><LINE>2285</LINE><COLUMN>15</COLUMN></SFA><SFA><FILEPATH>d:\waldo\trunka\source\common\include\crli18n\</FILEPATH><FILENAME>opentypefont.h</FILENAME><LINE>2285</LINE><COLUMN>31</COLUMN></SFA><SFA><FILEPATH>d:\waldo\trunka\source\common\include\crli18n\</FILEPATH><FILENAME>opentypefont.h</FILENAME><LINE>2285</LINE><COLUMN>15</COLUMN></SFA><SFA><FILEPATH>d:\waldo\trunka\source\common\include\crli18n\</FILEPATH><FILENAME>opentypefont.h</FILENAME><LINE>2285</LINE><COLUMN>16</COLUMN></SFA><SFA><FILEPATH>d:\waldo\trunka\source\common\include\crli18n\</FILEPATH><FILENAME>opentypefont.h</FILENAME><LINE>2285</LINE><COLUMN>15</COLUMN></SFA><SFA><FILEPATH>d:\waldo\trunka\source\common\include\crli18n\</FILEPATH><FILENAME>opentypefont.h</FILENAME><LINE>2286</LINE><COLUMN>15</COLUMN></SFA><SFA><FILEPATH>d:\waldo\trunka\source\common\include\crli18n\</FILEPATH><FILENAME>opentypefont.h</FILENAME><LINE>2286</LINE><COLUMN>28</COLUMN></SFA><SFA><FILEPATH>d:\waldo\trunka\source\common\include\crli18n\</FILEPATH><FILENAME>opentypefont.h</FILENAME><LINE>2286</LINE><COLUMN>15</COLUMN></SFA><SFA><FILEPATH>d:\waldo\trunka\source\common\include\crli18n\</FILEPATH><FILENAME>opentypefont.h</FILENAME><LINE>2286</LINE><COLUMN>16</COLUMN></SFA><SFA><FILEPATH>d:\waldo\trunka\source\common\include\crli18n\</FILEPATH><FILENAME>opentypefont.h</FILENAME><LINE>2286</LINE><COLUMN>15</COLUMN></SFA><SFA><FILEPATH>d:\waldo\trunka\source\common\include\crli18n\</FILEPATH><FILENAME>opentypefont.h</FILENAME><LINE>2287</LINE><COLUMN>15</COLUMN></SFA><SFA><FILEPATH>d:\waldo\trunka\source\common\include\crli18n\</FILEPATH><FILENAME>opentypefont.h</FILENAME><LINE>2287</LINE><COLUMN>29</COLUMN></SFA><SFA><FILEPATH>d:\waldo\trunka\source\common\include\crli18n\</FILEPATH><FILENAME>opentypefont.h</FILENAME><LINE>2287</LINE><COLUMN>15</COLUMN></SFA><SFA><FILEPATH>d:\waldo\trunka\source\common\include\crli18n\</FILEPATH><FILENAME>opentypefont.h</FILENAME><LINE>2287</LINE><COLUMN>16</COLUMN></SFA><SFA><FILEPATH>d:\waldo\trunka\source\common\include\crli18n\</FILEPATH><FILENAME>opentypefont.h</FILENAME><LINE>2287</LINE><COLUMN>15</COLUMN></SFA><SFA><FILEPATH>d:\waldo\trunka\source\common\include\crli18n\</FILEPATH><FILENAME>opentypefont.h</FILENAME><LINE>2288</LINE><COLUMN>15</COLUMN></SFA><SFA><FILEPATH>d:\waldo\trunka\source\common\include\crli18n\</FILEPATH><FILENAME>opentypefont.h</FILENAME><LINE>2288</LINE><COLUMN>31</COLUMN></SFA><SFA><FILEPATH>d:\waldo\trunka\source\common\include\crli18n\</FILEPATH><FILENAME>opentypefont.h</FILENAME><LINE>2288</LINE><COLUMN>15</COLUMN></SFA><SFA><FILEPATH>d:\waldo\trunka\source\common\include\crli18n\</FILEPATH><FILENAME>opentypefont.h</FILENAME><LINE>2288</LINE><COLUMN>16</COLUMN></SFA><SFA><FILEPATH>d:\waldo\trunka\source\common\include\crli18n\</FILEPATH><FILENAME>opentypefont.h</FILENAME><LINE>2288</LINE><COLUMN>15</COLUMN></SFA><SFA><FILEPATH>d:\waldo\trunka\source\common\include\crli18n\</FILEPATH><FILENAME>opentypefont.h</FILENAME><LINE>2289</LINE><COLUMN>15</COLUMN></SFA><SFA><FILEPATH>d:\waldo\trunka\source\common\include\crli18n\</FILEPATH><FILENAME>opentypefont.h</FILENAME><LINE>2289</LINE><COLUMN>31</COLUMN></SFA><SFA><FILEPATH>d:\waldo\trunka\source\common\include\crli18n\</FILEPATH><FILENAME>opentypefont.h</FILENAME><LINE>2289</LINE><COLUMN>15</COLUMN></SFA><SFA><FILEPATH>d:\waldo\trunka\source\common\include\crli18n\</FILEPATH><FILENAME>opentypefont.h</FILENAME><LINE>2289</LINE><COLUMN>16</COLUMN></SFA><SFA><FILEPATH>d:\waldo\trunka\source\common\include\crli18n\</FILEPATH><FILENAME>opentypefont.h</FILENAME><LINE>2289</LINE><COLUMN>15</COLUMN></SFA><SFA><FILEPATH>d:\waldo\trunka\source\common\include\crli18n\</FILEPATH><FILENAME>opentypefont.h</FILENAME><LINE>2290</LINE><COLUMN>15</COLUMN></SFA><SFA><FILEPATH>d:\waldo\trunka\source\common\include\crli18n\</FILEPATH><FILENAME>opentypefont.h</FILENAME><LINE>2290</LINE><COLUMN>32</COLUMN></SFA><SFA><FILEPATH>d:\waldo\trunka\source\common\include\crli18n\</FILEPATH><FILENAME>opentypefont.h</FILENAME><LINE>2290</LINE><COLUMN>15</COLUMN></SFA><SFA><FILEPATH>d:\waldo\trunka\source\common\include\crli18n\</FILEPATH><FILENAME>opentypefont.h</FILENAME><LINE>2290</LINE><COLUMN>16</COLUMN></SFA><SFA><FILEPATH>d:\waldo\trunka\source\common\include\crli18n\</FILEPATH><FILENAME>opentypefont.h</FILENAME><LINE>2290</LINE><COLUMN>15</COLUMN></SFA><SFA><FILEPATH>d:\waldo\trunka\source\common\include\crli18n\</FILEPATH><FILENAME>opentypefont.h</FILENAME><LINE>2291</LINE><COLUMN>15</COLUMN></SFA><SFA><FILEPATH>d:\waldo\trunka\source\common\include\crli18n\</FILEPATH><FILENAME>opentypefont.h</FILENAME><LINE>2291</LINE><COLUMN>32</COLUMN></SFA><SFA><FILEPATH>d:\waldo\trunka\source\common\include\crli18n\</FILEPATH><FILENAME>opentypefont.h</FILENAME><LINE>2291</LINE><COLUMN>15</COLUMN></SFA><SFA><FILEPATH>d:\waldo\trunka\source\common\include\crli18n\</FILEPATH><FILENAME>opentypefont.h</FILENAME><LINE>2291</LINE><COLUMN>16</COLUMN></SFA><SFA><FILEPATH>d:\waldo\trunka\source\common\include\crli18n\</FILEPATH><FILENAME>opentypefont.h</FILENAME><LINE>2291</LINE><COLUMN>15</COLUMN></SFA><SFA><FILEPATH>d:\waldo\trunka\source\common\include\crli18n\</FILEPATH><FILENAME>opentypefont.h</FILENAME><LINE>2292</LINE><COLUMN>15</COLUMN></SFA><SFA><FILEPATH>d:\waldo\trunka\source\common\include\crli18n\</FILEPATH><FILENAME>opentypefont.h</FILENAME><LINE>2292</LINE><COLUMN>32</COLUMN></SFA><SFA><FILEPATH>d:\waldo\trunka\source\common\include\crli18n\</FILEPATH><FILENAME>opentypefont.h</FILENAME><LINE>2292</LINE><COLUMN>15</COLUMN></SFA><SFA><FILEPATH>d:\waldo\trunka\source\common\include\crli18n\</FILEPATH><FILENAME>opentypefont.h</FILENAME><LINE>2292</LINE><COLUMN>16</COLUMN></SFA><SFA><FILEPATH>d:\waldo\trunka\source\common\include\crli18n\</FILEPATH><FILENAME>opentypefont.h</FILENAME><LINE>2292</LINE><COLUMN>15</COLUMN></SFA><SFA><FILEPATH>d:\waldo\trunka\source\common\include\crli18n\</FILEPATH><FILENAME>opentypefont.h</FILENAME><LINE>2293</LINE><COLUMN>15</COLUMN></SFA><SFA><FILEPATH>d:\waldo\trunka\source\common\include\crli18n\</FILEPATH><FILENAME>opentypefont.h</FILENAME><LINE>2293</LINE><COLUMN>33</COLUMN></SFA><SFA><FILEPATH>d:\waldo\trunka\source\common\include\crli18n\</FILEPATH><FILENAME>opentypefont.h</FILENAME><LINE>2293</LINE><COLUMN>15</COLUMN></SFA><SFA><FILEPATH>d:\waldo\trunka\source\common\include\crli18n\</FILEPATH><FILENAME>opentypefont.h</FILENAME><LINE>2293</LINE><COLUMN>16</COLUMN></SFA><SFA><FILEPATH>d:\waldo\trunka\source\common\include\crli18n\</FILEPATH><FILENAME>opentypefont.h</FILENAME><LINE>2293</LINE><COLUMN>15</COLUMN></SFA><SFA><FILEPATH>d:\waldo\trunka\source\common\include\crli18n\</FILEPATH><FILENAME>opentypefont.h</FILENAME><LINE>2295</LINE><COLUMN>5</COLUMN></SFA><SFA><FILEPATH>d:\waldo\trunka\source\common\include\crli18n\</FILEPATH><FILENAME>opentypefont.h</FILENAME><LINE>2301</LINE><COLUMN>15</COLUMN></SFA><SFA><FILEPATH>d:\waldo\trunka\source\common\include\crli18n\</FILEPATH><FILENAME>opentypefont.h</FILENAME><LINE>2301</LINE><COLUMN>25</COLUMN></SFA><SFA><FILEPATH>d:\waldo\trunka\source\common\include\crli18n\</FILEPATH><FILENAME>opentypefont.h</FILENAME><LINE>2301</LINE><COLUMN>15</COLUMN></SFA><SFA><FILEPATH>d:\waldo\trunka\source\common\include\crli18n\</FILEPATH><FILENAME>opentypefont.h</FILENAME><LINE>2301</LINE><COLUMN>16</COLUMN></SFA><SFA><FILEPATH>d:\waldo\trunka\source\common\include\crli18n\</FILEPATH><FILENAME>opentypefont.h</FILENAME><LINE>2301</LINE><COLUMN>15</COLUMN></SFA><SFA><FILEPATH>d:\waldo\trunka\source\common\include\crli18n\</FILEPATH><FILENAME>opentypefont.h</FILENAME><LINE>2302</LINE><COLUMN>15</COLUMN></SFA><SFA><FILEPATH>d:\waldo\trunka\source\common\include\crli18n\</FILEPATH><FILENAME>opentypefont.h</FILENAME><LINE>2302</LINE><COLUMN>25</COLUMN></SFA><SFA><FILEPATH>d:\waldo\trunka\source\common\include\crli18n\</FILEPATH><FILENAME>opentypefont.h</FILENAME><LINE>2302</LINE><COLUMN>15</COLUMN></SFA><SFA><FILEPATH>d:\waldo\trunka\source\common\include\crli18n\</FILEPATH><FILENAME>opentypefont.h</FILENAME><LINE>2302</LINE><COLUMN>16</COLUMN></SFA><SFA><FILEPATH>d:\waldo\trunka\source\common\include\crli18n\</FILEPATH><FILENAME>opentypefont.h</FILENAME><LINE>2302</LINE><COLUMN>15</COLUMN></SFA><SFA><FILEPATH>d:\waldo\trunka\source\common\include\crli18n\</FILEPATH><FILENAME>opentypefont.h</FILENAME><LINE>2305</LINE><COLUMN>15</COLUMN></SFA><SFA><FILEPATH>d:\waldo\trunka\source\common\include\crli18n\</FILEPATH><FILENAME>opentypefont.h</FILENAME><LINE>2305</LINE><COLUMN>29</COLUMN></SFA><SFA><FILEPATH>d:\waldo\trunka\source\common\include\crli18n\</FILEPATH><FILENAME>opentypefont.h</FILENAME><LINE>2305</LINE><COLUMN>15</COLUMN></SFA><SFA><FILEPATH>d:\waldo\trunka\source\common\include\crli18n\</FILEPATH><FILENAME>opentypefont.h</FILENAME><LINE>2305</LINE><COLUMN>16</COLUMN></SFA><SFA><FILEPATH>d:\waldo\trunka\source\common\include\crli18n\</FILEPATH><FILENAME>opentypefont.h</FILENAME><LINE>2305</LINE><COLUMN>15</COLUMN></SFA><SFA><FILEPATH>d:\waldo\trunka\source\common\include\crli18n\</FILEPATH><FILENAME>opentypefont.h</FILENAME><LINE>2306</LINE><COLUMN>15</COLUMN></SFA><SFA><FILEPATH>d:\waldo\trunka\source\common\include\crli18n\</FILEPATH><FILENAME>opentypefont.h</FILENAME><LINE>2306</LINE><COLUMN>28</COLUMN></SFA><SFA><FILEPATH>d:\waldo\trunka\source\common\include\crli18n\</FILEPATH><FILENAME>opentypefont.h</FILENAME><LINE>2306</LINE><COLUMN>15</COLUMN></SFA><SFA><FILEPATH>d:\waldo\trunka\source\common\include\crli18n\</FILEPATH><FILENAME>opentypefont.h</FILENAME><LINE>2306</LINE><COLUMN>16</COLUMN></SFA><SFA><FILEPATH>d:\waldo\trunka\source\common\include\crli18n\</FILEPATH><FILENAME>opentypefont.h</FILENAME><LINE>2306</LINE><COLUMN>15</COLUMN></SFA><SFA><FILEPATH>d:\waldo\trunka\source\common\include\crli18n\</FILEPATH><FILENAME>opentypefont.h</FILENAME><LINE>2309</LINE><COLUMN>15</COLUMN></SFA><SFA><FILEPATH>d:\waldo\trunka\source\common\include\crli18n\</FILEPATH><FILENAME>opentypefont.h</FILENAME><LINE>2309</LINE><COLUMN>25</COLUMN></SFA><SFA><FILEPATH>d:\waldo\trunka\source\common\include\crli18n\</FILEPATH><FILENAME>opentypefont.h</FILENAME><LINE>2309</LINE><COLUMN>15</COLUMN></SFA><SFA><FILEPATH>d:\waldo\trunka\source\common\include\crli18n\</FILEPATH><FILENAME>opentypefont.h</FILENAME><LINE>2309</LINE><COLUMN>16</COLUMN></SFA><SFA><FILEPATH>d:\waldo\trunka\source\common\include\crli18n\</FILEPATH><FILENAME>opentypefont.h</FILENAME><LINE>2309</LINE><COLUMN>15</COLUMN></SFA><SFA><FILEPATH>d:\waldo\trunka\source\common\include\crli18n\</FILEPATH><FILENAME>opentypefont.h</FILENAME><LINE>2310</LINE><COLUMN>15</COLUMN></SFA><SFA><FILEPATH>d:\waldo\trunka\source\common\include\crli18n\</FILEPATH><FILENAME>opentypefont.h</FILENAME><LINE>2310</LINE><COLUMN>25</COLUMN></SFA><SFA><FILEPATH>d:\waldo\trunka\source\common\include\crli18n\</FILEPATH><FILENAME>opentypefont.h</FILENAME><LINE>2310</LINE><COLUMN>15</COLUMN></SFA><SFA><FILEPATH>d:\waldo\trunka\source\common\include\crli18n\</FILEPATH><FILENAME>opentypefont.h</FILENAME><LINE>2310</LINE><COLUMN>16</COLUMN></SFA><SFA><FILEPATH>d:\waldo\trunka\source\common\include\crli18n\</FILEPATH><FILENAME>opentypefont.h</FILENAME><LINE>2310</LINE><COLUMN>15</COLUMN></SFA><SFA><FILEPATH>d:\waldo\trunka\source\common\include\crli18n\</FILEPATH><FILENAME>opentypefont.h</FILENAME><LINE>2311</LINE><COLUMN>15</COLUMN></SFA><SFA><FILEPATH>d:\waldo\trunka\source\common\include\crli18n\</FILEPATH><FILENAME>opentypefont.h</FILENAME><LINE>2311</LINE><COLUMN>25</COLUMN></SFA><SFA><FILEPATH>d:\waldo\trunka\source\common\include\crli18n\</FILEPATH><FILENAME>opentypefont.h</FILENAME><LINE>2311</LINE><COLUMN>15</COLUMN></SFA><SFA><FILEPATH>d:\waldo\trunka\source\common\include\crli18n\</FILEPATH><FILENAME>opentypefont.h</FILENAME><LINE>2311</LINE><COLUMN>16</COLUMN></SFA><SFA><FILEPATH>d:\waldo\trunka\source\common\include\crli18n\</FILEPATH><FILENAME>opentypefont.h</FILENAME><LINE>2311</LINE><COLUMN>15</COLUMN></SFA><SFA><FILEPATH>d:\waldo\trunka\source\common\include\crli18n\</FILEPATH><FILENAME>opentypefont.h</FILENAME><LINE>2312</LINE><COLUMN>15</COLUMN></SFA><SFA><FILEPATH>d:\waldo\trunka\source\common\include\crli18n\</FILEPATH><FILENAME>opentypefont.h</FILENAME><LINE>2312</LINE><COLUMN>25</COLUMN></SFA><SFA><FILEPATH>d:\waldo\trunka\source\common\include\crli18n\</FILEPATH><FILENAME>opentypefont.h</FILENAME><LINE>2312</LINE><COLUMN>15</COLUMN></SFA><SFA><FILEPATH>d:\waldo\trunka\source\common\include\crli18n\</FILEPATH><FILENAME>opentypefont.h</FILENAME><LINE>2312</LINE><COLUMN>16</COLUMN></SFA><SFA><FILEPATH>d:\waldo\trunka\source\common\include\crli18n\</FILEPATH><FILENAME>opentypefont.h</FILENAME><LINE>2312</LINE><COLUMN>15</COLUMN></SFA><SFA><FILEPATH>d:\waldo\trunka\source\common\include\crli18n\</FILEPATH><FILENAME>opentypefont.h</FILENAME><LINE>2313</LINE><COLUMN>15</COLUMN></SFA><SFA><FILEPATH>d:\waldo\trunka\source\common\include\crli18n\</FILEPATH><FILENAME>opentypefont.h</FILENAME><LINE>2313</LINE><COLUMN>25</COLUMN></SFA><SFA><FILEPATH>d:\waldo\trunka\source\common\include\crli18n\</FILEPATH><FILENAME>opentypefont.h</FILENAME><LINE>2313</LINE><COLUMN>15</COLUMN></SFA><SFA><FILEPATH>d:\waldo\trunka\source\common\include\crli18n\</FILEPATH><FILENAME>opentypefont.h</FILENAME><LINE>2313</LINE><COLUMN>16</COLUMN></SFA><SFA><FILEPATH>d:\waldo\trunka\source\common\include\crli18n\</FILEPATH><FILENAME>opentypefont.h</FILENAME><LINE>2313</LINE><COLUMN>15</COLUMN></SFA><SFA><FILEPATH>d:\waldo\trunka\source\common\include\crli18n\</FILEPATH><FILENAME>opentypefont.h</FILENAME><LINE>2314</LINE><COLUMN>15</COLUMN></SFA><SFA><FILEPATH>d:\waldo\trunka\source\common\include\crli18n\</FILEPATH><FILENAME>opentypefont.h</FILENAME><LINE>2314</LINE><COLUMN>25</COLUMN></SFA><SFA><FILEPATH>d:\waldo\trunka\source\common\include\crli18n\</FILEPATH><FILENAME>opentypefont.h</FILENAME><LINE>2314</LINE><COLUMN>15</COLUMN></SFA><SFA><FILEPATH>d:\waldo\trunka\source\common\include\crli18n\</FILEPATH><FILENAME>opentypefont.h</FILENAME><LINE>2314</LINE><COLUMN>16</COLUMN></SFA><SFA><FILEPATH>d:\waldo\trunka\source\common\include\crli18n\</FILEPATH><FILENAME>opentypefont.h</FILENAME><LINE>2314</LINE><COLUMN>15</COLUMN></SFA><SFA><FILEPATH>d:\waldo\trunka\source\common\include\crli18n\</FILEPATH><FILENAME>opentypefont.h</FILENAME><LINE>2315</LINE><COLUMN>15</COLUMN></SFA><SFA><FILEPATH>d:\waldo\trunka\source\common\include\crli18n\</FILEPATH><FILENAME>opentypefont.h</FILENAME><LINE>2315</LINE><COLUMN>25</COLUMN></SFA><SFA><FILEPATH>d:\waldo\trunka\source\common\include\crli18n\</FILEPATH><FILENAME>opentypefont.h</FILENAME><LINE>2315</LINE><COLUMN>15</COLUMN></SFA><SFA><FILEPATH>d:\waldo\trunka\source\common\include\crli18n\</FILEPATH><FILENAME>opentypefont.h</FILENAME><LINE>2315</LINE><COLUMN>16</COLUMN></SFA><SFA><FILEPATH>d:\waldo\trunka\source\common\include\crli18n\</FILEPATH><FILENAME>opentypefont.h</FILENAME><LINE>2315</LINE><COLUMN>15</COLUMN></SFA><SFA><FILEPATH>d:\waldo\trunka\source\common\include\crli18n\</FILEPATH><FILENAME>opentypefont.h</FILENAME><LINE>2316</LINE><COLUMN>15</COLUMN></SFA><SFA><FILEPATH>d:\waldo\trunka\source\common\include\crli18n\</FILEPATH><FILENAME>opentypefont.h</FILENAME><LINE>2316</LINE><COLUMN>25</COLUMN></SFA><SFA><FILEPATH>d:\waldo\trunka\source\common\include\crli18n\</FILEPATH><FILENAME>opentypefont.h</FILENAME><LINE>2316</LINE><COLUMN>15</COLUMN></SFA><SFA><FILEPATH>d:\waldo\trunka\source\common\include\crli18n\</FILEPATH><FILENAME>opentypefont.h</FILENAME><LINE>2316</LINE><COLUMN>16</COLUMN></SFA><SFA><FILEPATH>d:\waldo\trunka\source\common\include\crli18n\</FILEPATH><FILENAME>opentypefont.h</FILENAME><LINE>2316</LINE><COLUMN>15</COLUMN></SFA><SFA><FILEPATH>d:\waldo\trunka\source\common\include\crli18n\</FILEPATH><FILENAME>opentypefont.h</FILENAME><LINE>2317</LINE><COLUMN>15</COLUMN></SFA><SFA><FILEPATH>d:\waldo\trunka\source\common\include\crli18n\</FILEPATH><FILENAME>opentypefont.h</FILENAME><LINE>2317</LINE><COLUMN>25</COLUMN></SFA><SFA><FILEPATH>d:\waldo\trunka\source\common\include\crli18n\</FILEPATH><FILENAME>opentypefont.h</FILENAME><LINE>2317</LINE><COLUMN>15</COLUMN></SFA><SFA><FILEPATH>d:\waldo\trunka\source\common\include\crli18n\</FILEPATH><FILENAME>opentypefont.h</FILENAME><LINE>2317</LINE><COLUMN>16</COLUMN></SFA><SFA><FILEPATH>d:\waldo\trunka\source\common\include\crli18n\</FILEPATH><FILENAME>opentypefont.h</FILENAME><LINE>2317</LINE><COLUMN>15</COLUMN></SFA><SFA><FILEPATH>d:\waldo\trunka\source\common\include\crli18n\</FILEPATH><FILENAME>opentypefont.h</FILENAME><LINE>2318</LINE><COLUMN>15</COLUMN></SFA><SFA><FILEPATH>d:\waldo\trunka\source\common\include\crli18n\</FILEPATH><FILENAME>opentypefont.h</FILENAME><LINE>2318</LINE><COLUMN>25</COLUMN></SFA><SFA><FILEPATH>d:\waldo\trunka\source\common\include\crli18n\</FILEPATH><FILENAME>opentypefont.h</FILENAME><LINE>2318</LINE><COLUMN>15</COLUMN></SFA><SFA><FILEPATH>d:\waldo\trunka\source\common\include\crli18n\</FILEPATH><FILENAME>opentypefont.h</FILENAME><LINE>2318</LINE><COLUMN>16</COLUMN></SFA><SFA><FILEPATH>d:\waldo\trunka\source\common\include\crli18n\</FILEPATH><FILENAME>opentypefont.h</FILENAME><LINE>2318</LINE><COLUMN>15</COLUMN></SFA><SFA><FILEPATH>d:\waldo\trunka\source\common\include\crli18n\</FILEPATH><FILENAME>opentypefont.h</FILENAME><LINE>2321</LINE><COLUMN>15</COLUMN></SFA><SFA><FILEPATH>d:\waldo\trunka\source\common\include\crli18n\</FILEPATH><FILENAME>opentypefont.h</FILENAME><LINE>2321</LINE><COLUMN>34</COLUMN></SFA><SFA><FILEPATH>d:\waldo\trunka\source\common\include\crli18n\</FILEPATH><FILENAME>opentypefont.h</FILENAME><LINE>2321</LINE><COLUMN>15</COLUMN></SFA><SFA><FILEPATH>d:\waldo\trunka\source\common\include\crli18n\</FILEPATH><FILENAME>opentypefont.h</FILENAME><LINE>2321</LINE><COLUMN>16</COLUMN></SFA><SFA><FILEPATH>d:\waldo\trunka\source\common\include\crli18n\</FILEPATH><FILENAME>opentypefont.h</FILENAME><LINE>2321</LINE><COLUMN>15</COLUMN></SFA><SFA><FILEPATH>d:\waldo\trunka\source\common\include\crli18n\</FILEPATH><FILENAME>opentypefont.h</FILENAME><LINE>2322</LINE><COLUMN>15</COLUMN></SFA><SFA><FILEPATH>d:\waldo\trunka\source\common\include\crli18n\</FILEPATH><FILENAME>opentypefont.h</FILENAME><LINE>2322</LINE><COLUMN>27</COLUMN></SFA><SFA><FILEPATH>d:\waldo\trunka\source\common\include\crli18n\</FILEPATH><FILENAME>opentypefont.h</FILENAME><LINE>2322</LINE><COLUMN>15</COLUMN></SFA><SFA><FILEPATH>d:\waldo\trunka\source\common\include\crli18n\</FILEPATH><FILENAME>opentypefont.h</FILENAME><LINE>2322</LINE><COLUMN>16</COLUMN></SFA><SFA><FILEPATH>d:\waldo\trunka\source\common\include\crli18n\</FILEPATH><FILENAME>opentypefont.h</FILENAME><LINE>2322</LINE><COLUMN>15</COLUMN></SFA><SFA><FILEPATH>d:\waldo\trunka\source\common\include\crli18n\</FILEPATH><FILENAME>opentypefont.h</FILENAME><LINE>2323</LINE><COLUMN>15</COLUMN></SFA><SFA><FILEPATH>d:\waldo\trunka\source\common\include\crli18n\</FILEPATH><FILENAME>opentypefont.h</FILENAME><LINE>2323</LINE><COLUMN>30</COLUMN></SFA><SFA><FILEPATH>d:\waldo\trunka\source\common\include\crli18n\</FILEPATH><FILENAME>opentypefont.h</FILENAME><LINE>2323</LINE><COLUMN>15</COLUMN></SFA><SFA><FILEPATH>d:\waldo\trunka\source\common\include\crli18n\</FILEPATH><FILENAME>opentypefont.h</FILENAME><LINE>2323</LINE><COLUMN>16</COLUMN></SFA><SFA><FILEPATH>d:\waldo\trunka\source\common\include\crli18n\</FILEPATH><FILENAME>opentypefont.h</FILENAME><LINE>2323</LINE><COLUMN>15</COLUMN></SFA><SFA><FILEPATH>d:\waldo\trunka\source\common\include\crli18n\</FILEPATH><FILENAME>opentypefont.h</FILENAME><LINE>2324</LINE><COLUMN>15</COLUMN></SFA><SFA><FILEPATH>d:\waldo\trunka\source\common\include\crli18n\</FILEPATH><FILENAME>opentypefont.h</FILENAME><LINE>2324</LINE><COLUMN>29</COLUMN></SFA><SFA><FILEPATH>d:\waldo\trunka\source\common\include\crli18n\</FILEPATH><FILENAME>opentypefont.h</FILENAME><LINE>2324</LINE><COLUMN>15</COLUMN></SFA><SFA><FILEPATH>d:\waldo\trunka\source\common\include\crli18n\</FILEPATH><FILENAME>opentypefont.h</FILENAME><LINE>2324</LINE><COLUMN>16</COLUMN></SFA><SFA><FILEPATH>d:\waldo\trunka\source\common\include\crli18n\</FILEPATH><FILENAME>opentypefont.h</FILENAME><LINE>2324</LINE><COLUMN>15</COLUMN></SFA><SFA><FILEPATH>d:\waldo\trunka\source\common\include\crli18n\</FILEPATH><FILENAME>opentypefont.h</FILENAME><LINE>2325</LINE><COLUMN>15</COLUMN></SFA><SFA><FILEPATH>d:\waldo\trunka\source\common\include\crli18n\</FILEPATH><FILENAME>opentypefont.h</FILENAME><LINE>2325</LINE><COLUMN>32</COLUMN></SFA><SFA><FILEPATH>d:\waldo\trunka\source\common\include\crli18n\</FILEPATH><FILENAME>opentypefont.h</FILENAME><LINE>2325</LINE><COLUMN>15</COLUMN></SFA><SFA><FILEPATH>d:\waldo\trunka\source\common\include\crli18n\</FILEPATH><FILENAME>opentypefont.h</FILENAME><LINE>2325</LINE><COLUMN>16</COLUMN></SFA><SFA><FILEPATH>d:\waldo\trunka\source\common\include\crli18n\</FILEPATH><FILENAME>opentypefont.h</FILENAME><LINE>2325</LINE><COLUMN>15</COLUMN></SFA><SFA><FILEPATH>d:\waldo\trunka\source\common\include\crli18n\</FILEPATH><FILENAME>opentypefont.h</FILENAME><LINE>2326</LINE><COLUMN>15</COLUMN></SFA><SFA><FILEPATH>d:\waldo\trunka\source\common\include\crli18n\</FILEPATH><FILENAME>opentypefont.h</FILENAME><LINE>2326</LINE><COLUMN>29</COLUMN></SFA><SFA><FILEPATH>d:\waldo\trunka\source\common\include\crli18n\</FILEPATH><FILENAME>opentypefont.h</FILENAME><LINE>2326</LINE><COLUMN>15</COLUMN></SFA><SFA><FILEPATH>d:\waldo\trunka\source\common\include\crli18n\</FILEPATH><FILENAME>opentypefont.h</FILENAME><LINE>2326</LINE><COLUMN>16</COLUMN></SFA><SFA><FILEPATH>d:\waldo\trunka\source\common\include\crli18n\</FILEPATH><FILENAME>opentypefont.h</FILENAME><LINE>2326</LINE><COLUMN>15</COLUMN></SFA><SFA><FILEPATH>d:\waldo\trunka\source\common\include\crli18n\</FILEPATH><FILENAME>opentypefont.h</FILENAME><LINE>2329</LINE><COLUMN>10</COLUMN></SFA><SFA><FILEPATH>d:\waldo\trunka\source\common\include\crli18n\</FILEPATH><FILENAME>opentypefont.h</FILENAME><LINE>2330</LINE><COLUMN>10</COLUMN></SFA><SFA><FILEPATH>d:\waldo\trunka\source\common\include\crli18n\</FILEPATH><FILENAME>opentypefont.h</FILENAME><LINE>2332</LINE><COLUMN>6</COLUMN></SFA><SFA><FILEPATH>d:\waldo\trunka\source\common\include\crli18n\</FILEPATH><FILENAME>opentypefont.h</FILENAME><LINE>2333</LINE><COLUMN>6</COLUMN></SFA><SFA><FILEPATH>d:\waldo\trunka\source\common\include\crli18n\</FILEPATH><FILENAME>opentypefont.h</FILENAME><LINE>2334</LINE><COLUMN>8</COLUMN></SFA><SFA><FILEPATH>d:\waldo\trunka\source\common\include\crli18n\</FILEPATH><FILENAME>opentypefont.h</FILENAME><LINE>2336</LINE><COLUMN>11</COLUMN></SFA><SFA><FILEPATH>d:\waldo\trunka\source\common\include\crli18n\</FILEPATH><FILENAME>opentypefont.h</FILENAME><LINE>2337</LINE><COLUMN>11</COLUMN></SFA><SFA><FILEPATH>d:\waldo\trunka\source\common\include\crli18n\</FILEPATH><FILENAME>opentypefont.h</FILENAME><LINE>2338</LINE><COLUMN>13</COLUMN></SFA><SFA><FILEPATH>d:\waldo\trunka\source\common\include\crli18n\</FILEPATH><FILENAME>opentypefont.h</FILENAME><LINE>2341</LINE><COLUMN>11</COLUMN></SFA><SFA><FILEPATH>d:\waldo\trunka\source\common\include\crli18n\</FILEPATH><FILENAME>opentypefont.h</FILENAME><LINE>2343</LINE><COLUMN>30</COLUMN></SFA></PATH></DEFECT><DEFECT><SFA><FILEPATH>d:\waldo\trunka\source\apps\fontservice\</FILEPATH><FILENAME>usersessionapp.cpp</FILENAME><LINE>168</LINE><COLUMN>14</COLUMN></SFA><DEFECTCODE>6031</DEFECTCODE><DESCRIPTION>Return value ignored: 'CoInitialize'.</DESCRIPTION><FUNCTION>UserSessionApp::Initialize</FUNCTION><DECORATED>?Initialize@UserSessionApp@@AAE_NXZ</DECORATED><FUNCLINE>166</FUNCLINE><PATH/></DEFECT><DEFECT><SFA><FILEPATH>d:\waldo\trunka\source\apps\fontservice\</FILEPATH><FILENAME>usersessionapp.cpp</FILENAME><LINE>366</LINE><COLUMN>10</COLUMN></SFA><DEFECTCODE>6387</DEFECTCODE><DESCRIPTION>'shellExecuteInfo.hProcess' could be '0':  this does not adhere to the specification for the function 'WaitForSingleObject'. </DESCRIPTION><FUNCTION>UserSessionApp::RunWatchdog</FUNCTION><DECORATED>?RunWatchdog@UserSessionApp@@AAEXV?$CStringT@_WV?$StrTraitMFC_DLL@_WV?$ChTraitsCRT@_W@ATL@@@@@ATL@@@Z</DECORATED><FUNCLINE>342</FUNCLINE><PROBABILITY>1</PROBABILITY><RANK>4</RANK><CATEGORY><RULECATEGORY>mspft</RULECATEGORY></CATEGORY><PATH><SFA><FILEPATH>d:\waldo\trunka\source\apps\fontservice\</FILEPATH><FILENAME>usersessionapp.cpp</FILENAME><LINE>366</LINE><COLUMN>10</COLUMN><KEYEVENT><ID>1</ID><KIND>usage</KIND><IMPORTANCE>Full</IMPORTANCE><MESSAGE>'shellExecuteInfo' is an Input to 'WaitForSingleObject' (declared at c:\program files (x86)\windows kits\8.1\include\um\synchapi.h:473)</MESSAGE></KEYEVENT></SFA><SFA><FILEPATH>d:\waldo\trunka\source\apps\fontservice\</FILEPATH><FILENAME>usersessionapp.cpp</FILENAME><LINE>344</LINE><COLUMN>10</COLUMN></SFA><SFA><FILEPATH>d:\waldo\trunka\source\apps\fontservice\</FILEPATH><FILENAME>usersessionapp.cpp</FILENAME><LINE>345</LINE><COLUMN>21</COLUMN></SFA><SFA><FILEPATH>d:\waldo\trunka\source\apps\fontservice\</FILEPATH><FILENAME>usersessionapp.cpp</FILENAME><LINE>346</LINE><COLUMN>28</COLUMN></SFA><SFA><FILEPATH>d:\waldo\trunka\source\apps\fontservice\</FILEPATH><FILENAME>usersessionapp.cpp</FILENAME><LINE>347</LINE><COLUMN>10</COLUMN></SFA><SFA><FILEPATH>d:\waldo\trunka\source\apps\fontservice\</FILEPATH><FILENAME>usersessionapp.cpp</FILENAME><LINE>348</LINE><COLUMN>13</COLUMN></SFA><SFA><FILEPATH>d:\waldo\trunka\source\apps\fontservice\</FILEPATH><FILENAME>usersessionapp.cpp</FILENAME><LINE>350</LINE><COLUMN>7</COLUMN></SFA><SFA><FILEPATH>d:\waldo\trunka\source\apps\fontservice\</FILEPATH><FILENAME>usersessionapp.cpp</FILENAME><LINE>351</LINE><COLUMN>9</COLUMN><KEYEVENT><ID>2</ID><KIND>branch</KIND><IMPORTANCE>Full</IMPORTANCE><MESSAGE>Enter this loop, (assume '!bDone')</MESSAGE></KEYEVENT></SFA><SFA><FILEPATH>d:\waldo\trunka\source\apps\fontservice\</FILEPATH><FILENAME>usersessionapp.cpp</FILENAME><LINE>353</LINE><COLUMN>20</COLUMN></SFA><SFA><FILEPATH>d:\waldo\trunka\source\apps\fontservice\</FILEPATH><FILENAME>usersessionapp.cpp</FILENAME><LINE>354</LINE><COLUMN>27</COLUMN></SFA><SFA><FILEPATH>d:\waldo\trunka\source\apps\fontservice\</FILEPATH><FILENAME>usersessionapp.cpp</FILENAME><LINE>355</LINE><COLUMN>26</COLUMN></SFA><SFA><FILEPATH>d:\waldo\trunka\source\apps\fontservice\</FILEPATH><FILENAME>usersessionapp.cpp</FILENAME><LINE>356</LINE><COLUMN>25</COLUMN></SFA><SFA><FILEPATH>d:\waldo\trunka\source\apps\fontservice\</FILEPATH><FILENAME>usersessionapp.cpp</FILENAME><LINE>357</LINE><COLUMN>27</COLUMN></SFA><SFA><FILEPATH>d:\waldo\trunka\source\apps\fontservice\</FILEPATH><FILENAME>usersessionapp.cpp</FILENAME><LINE>358</LINE><COLUMN>27</COLUMN></SFA><SFA><FILEPATH>d:\waldo\trunka\source\apps\fontservice\</FILEPATH><FILENAME>usersessionapp.cpp</FILENAME><LINE>359</LINE><COLUMN>33</COLUMN></SFA><SFA><FILEPATH>d:\waldo\trunka\source\apps\fontservice\</FILEPATH><FILENAME>usersessionapp.cpp</FILENAME><LINE>360</LINE><COLUMN>32</COLUMN></SFA><SFA><FILEPATH>d:\waldo\trunka\source\apps\fontservice\</FILEPATH><FILENAME>usersessionapp.cpp</FILENAME><LINE>361</LINE><COLUMN>26</COLUMN></SFA><SFA><FILEPATH>d:\waldo\trunka\source\apps\fontservice\</FILEPATH><FILENAME>usersessionapp.cpp</FILENAME><LINE>363</LINE><COLUMN>9</COLUMN></SFA><SFA><FILEPATH>d:\waldo\trunka\source\apps\fontservice\</FILEPATH><FILENAME>usersessionapp.cpp</FILENAME><LINE>364</LINE><COLUMN>21</COLUMN><KEYEVENT><ID>3</ID><KIND>declaration</KIND><IMPORTANCE>Full</IMPORTANCE><MESSAGE>'shellExecuteInfo' is an In/Out argument to 'ShellExecuteExW' (declared at c:\program files (x86)\windows kits\8.1\include\um\shellapi.h:492)</MESSAGE></KEYEVENT></SFA><SFA><FILEPATH>d:\waldo\trunka\source\apps\fontservice\</FILEPATH><FILENAME>usersessionapp.cpp</FILENAME><LINE>364</LINE><COLUMN>21</COLUMN><KEYEVENT><ID>4</ID><KIND>branch</KIND><IMPORTANCE>Full</IMPORTANCE><MESSAGE>Enter this branch, (assume '&lt;branch condition&gt;')</MESSAGE></KEYEVENT></SFA><SFA><FILEPATH>d:\waldo\trunka\source\apps\fontservice\</FILEPATH><FILENAME>usersessionapp.cpp</FILENAME><LINE>366</LINE><COLUMN>10</COLUMN><KEYEVENT><ID>5</ID><KIND>usage</KIND><IMPORTANCE>Full</IMPORTANCE><MESSAGE>'shellExecuteInfo' is an Input to 'WaitForSingleObject' (declared at c:\program files (x86)\windows kits\8.1\include\um\synchapi.h:473)</MESSAGE></KEYEVENT></SFA><SFA><FILEPATH>d:\waldo\trunka\source\apps\fontservice\</FILEPATH><FILENAME>usersessionapp.cpp</FILENAME><LINE>366</LINE><COLUMN>10</COLUMN><KEYEVENT><ID>6</ID><KIND>usage</KIND><IMPORTANCE>Essential</IMPORTANCE><MESSAGE>'shellExecuteInfo.hProcess' should not be NULL, because this is not consistent with the SAL annotation on 'WaitForSingleObject'</MESSAGE></KEYEVENT></SFA></PATH></DEFECT><DEFECT><SFA><FILEPATH>d:\waldo\trunka\source\apps\fontservice\</FILEPATH><FILENAME>usersessionapp.cpp</FILENAME><LINE>1420</LINE><COLUMN>11</COLUMN></SFA><DEFECTCODE>6387</DEFECTCODE><DESCRIPTION>'hMutex' could be '0':  this does not adhere to the specification for the function 'WaitForSingleObject'. </DESCRIPTION><FUNCTION>UserSessionApp::ProcessCommandLine</FUNCTION><DECORATED>?ProcessCommandLine@UserSessionApp@@AAEXXZ</DECORATED><FUNCLINE>1243</FUNCLINE><PROBABILITY>1</PROBABILITY><RANK>4</RANK><CATEGORY><RULECATEGORY>mspft</RULECATEGORY></CATEGORY><PATH><SFA><FILEPATH>d:\waldo\trunka\source\apps\fontservice\</FILEPATH><FILENAME>usersessionapp.cpp</FILENAME><LINE>1245</LINE><COLUMN>7</COLUMN></SFA><SFA><FILEPATH>d:\waldo\trunka\source\apps\fontservice\</FILEPATH><FILENAME>usersessionapp.cpp</FILENAME><LINE>1247</LINE><COLUMN>29</COLUMN></SFA><SFA><FILEPATH>d:\waldo\trunka\source\apps\fontservice\</FILEPATH><FILENAME>usersessionapp.cpp</FILENAME><LINE>1253</LINE><COLUMN>30</COLUMN></SFA><SFA><FILEPATH>d:\waldo\trunka\source\apps\fontservice\</FILEPATH><FILENAME>usersessionapp.cpp</FILENAME><LINE>1255</LINE><COLUMN>14</COLUMN></SFA><SFA><FILEPATH>d:\waldo\trunka\source\apps\fontservice\</FILEPATH><FILENAME>usersessionapp.cpp</FILENAME><LINE>1257</LINE><COLUMN>15</COLUMN></SFA><SFA><FILEPATH>d:\waldo\trunka\source\apps\fontservice\</FILEPATH><FILENAME>usersessionapp.cpp</FILENAME><LINE>1257</LINE><COLUMN>24</COLUMN></SFA><SFA><FILEPATH>d:\waldo\trunka\source\apps\fontservice\</FILEPATH><FILENAME>usersessionapp.cpp</FILENAME><LINE>1259</LINE><COLUMN>28</COLUMN></SFA><SFA><FILEPATH>d:\waldo\trunka\source\apps\fontservice\</FILEPATH><FILENAME>usersessionapp.cpp</FILENAME><LINE>1265</LINE><COLUMN>33</COLUMN></SFA><SFA><FILEPATH>d:\waldo\trunka\source\apps\fontservice\</FILEPATH><FILENAME>usersessionapp.cpp</FILENAME><LINE>1272</LINE><COLUMN>33</COLUMN></SFA><SFA><FILEPATH>d:\waldo\trunka\source\apps\fontservice\</FILEPATH><FILENAME>usersessionapp.cpp</FILENAME><LINE>1279</LINE><COLUMN>33</COLUMN></SFA><SFA><FILEPATH>d:\waldo\trunka\source\apps\fontservice\</FILEPATH><FILENAME>usersessionapp.cpp</FILENAME><LINE>1286</LINE><COLUMN>32</COLUMN></SFA><SFA><FILEPATH>d:\waldo\trunka\source\apps\fontservice\</FILEPATH><FILENAME>usersessionapp.cpp</FILENAME><LINE>1294</LINE><COLUMN>32</COLUMN></SFA><SFA><FILEPATH>d:\waldo\trunka\source\apps\fontservice\</FILEPATH><FILENAME>usersessionapp.cpp</FILENAME><LINE>1301</LINE><COLUMN>32</COLUMN></SFA><SFA><FILEPATH>d:\waldo\trunka\source\apps\fontservice\</FILEPATH><FILENAME>usersessionapp.cpp</FILENAME><LINE>1308</LINE><COLUMN>32</COLUMN></SFA><SFA><FILEPATH>d:\waldo\trunka\source\apps\fontservice\</FILEPATH><FILENAME>usersessionapp.cpp</FILENAME><LINE>1315</LINE><COLUMN>32</COLUMN></SFA><SFA><FILEPATH>d:\waldo\trunka\source\apps\fontservice\</FILEPATH><FILENAME>usersessionapp.cpp</FILENAME><LINE>1324</LINE><COLUMN>32</COLUMN></SFA><SFA><FILEPATH>d:\waldo\trunka\source\apps\fontservice\</FILEPATH><FILENAME>usersessionapp.cpp</FILENAME><LINE>1334</LINE><COLUMN>32</COLUMN></SFA><SFA><FILEPATH>d:\waldo\trunka\source\apps\fontservice\</FILEPATH><FILENAME>usersessionapp.cpp</FILENAME><LINE>1349</LINE><COLUMN>32</COLUMN></SFA><SFA><FILEPATH>d:\waldo\trunka\source\apps\fontservice\</FILEPATH><FILENAME>usersessionapp.cpp</FILENAME><LINE>1355</LINE><COLUMN>32</COLUMN></SFA><SFA><FILEPATH>d:\waldo\trunka\source\apps\fontservice\</FILEPATH><FILENAME>usersessionapp.cpp</FILENAME><LINE>1370</LINE><COLUMN>32</COLUMN></SFA><SFA><FILEPATH>d:\waldo\trunka\source\apps\fontservice\</FILEPATH><FILENAME>usersessionapp.cpp</FILENAME><LINE>1377</LINE><COLUMN>32</COLUMN></SFA><SFA><FILEPATH>d:\waldo\trunka\source\apps\fontservice\</FILEPATH><FILENAME>usersessionapp.cpp</FILENAME><LINE>1388</LINE><COLUMN>32</COLUMN></SFA><SFA><FILEPATH>d:\waldo\trunka\source\apps\fontservice\</FILEPATH><FILENAME>usersessionapp.cpp</FILENAME><LINE>1397</LINE><COLUMN>32</COLUMN></SFA><SFA><FILEPATH>d:\waldo\trunka\source\apps\fontservice\</FILEPATH><FILENAME>usersessionapp.cpp</FILENAME><LINE>1408</LINE><COLUMN>46</COLUMN></SFA><SFA><FILEPATH>d:\waldo\trunka\source\apps\fontservice\</FILEPATH><FILENAME>usersessionapp.cpp</FILENAME><LINE>1413</LINE><COLUMN>32</COLUMN></SFA><SFA><FILEPATH>d:\waldo\trunka\source\apps\fontservice\</FILEPATH><FILENAME>usersessionapp.cpp</FILENAME><LINE>1415</LINE><COLUMN>61</COLUMN></SFA><SFA><FILEPATH>d:\waldo\trunka\source\apps\fontservice\</FILEPATH><FILENAME>usersessionapp.cpp</FILENAME><LINE>1415</LINE><COLUMN>52</COLUMN></SFA><SFA><FILEPATH>d:\waldo\trunka\source\apps\fontservice\</FILEPATH><FILENAME>usersessionapp.cpp</FILENAME><LINE>1415</LINE><COLUMN>34</COLUMN></SFA><SFA><FILEPATH>d:\waldo\trunka\source\apps\fontservice\</FILEPATH><FILENAME>usersessionapp.cpp</FILENAME><LINE>1416</LINE><COLUMN>73</COLUMN></SFA><SFA><FILEPATH>d:\waldo\trunka\source\apps\fontservice\</FILEPATH><FILENAME>usersessionapp.cpp</FILENAME><LINE>1416</LINE><COLUMN>53</COLUMN></SFA><SFA><FILEPATH>d:\waldo\trunka\source\apps\fontservice\</FILEPATH><FILENAME>usersessionapp.cpp</FILENAME><LINE>1416</LINE><COLUMN>34</COLUMN></SFA><SFA><FILEPATH>d:\waldo\trunka\source\apps\fontservice\</FILEPATH><FILENAME>usersessionapp.cpp</FILENAME><LINE>1419</LINE><COLUMN>117</COLUMN></SFA><SFA><FILEPATH>d:\waldo\trunka\source\apps\fontservice\</FILEPATH><FILENAME>usersessionapp.cpp</FILENAME><LINE>1419</LINE><COLUMN>115</COLUMN></SFA><SFA><FILEPATH>d:\waldo\trunka\source\apps\fontservice\</FILEPATH><FILENAME>usersessionapp.cpp</FILENAME><LINE>1419</LINE><COLUMN>12</COLUMN><KEYEVENT><ID>1</ID><KIND>declaration</KIND><IMPORTANCE>Essential</IMPORTANCE><MESSAGE>'hMutex' may be NULL</MESSAGE></KEYEVENT></SFA><SFA><FILEPATH>d:\waldo\trunka\source\apps\fontservice\</FILEPATH><FILENAME>usersessionapp.cpp</FILENAME><LINE>1420</LINE><COLUMN>11</COLUMN><KEYEVENT><ID>2</ID><KIND>usage</KIND><IMPORTANCE>Full</IMPORTANCE><MESSAGE>'hMutex' is an Input to 'WaitForSingleObject' (declared at c:\program files (x86)\windows kits\8.1\include\um\synchapi.h:473)</MESSAGE></KEYEVENT></SFA><SFA><FILEPATH>d:\waldo\trunka\source\apps\fontservice\</FILEPATH><FILENAME>usersessionapp.cpp</FILENAME><LINE>1420</LINE><COLUMN>11</COLUMN><KEYEVENT><ID>3</ID><KIND>usage</KIND><IMPORTANCE>Essential</IMPORTANCE><MESSAGE>'hMutex' should not be NULL, because this is not consistent with the SAL annotation on 'WaitForSingleObject'</MESSAGE></KEYEVENT></SFA></PATH></DEFECT><DEFECT><SFA><FILEPATH>d:\waldo\trunka\source\apps\fontservice\</FILEPATH><FILENAME>usersessionapp.cpp</FILENAME><LINE>1427</LINE><COLUMN>18</COLUMN></SFA><DEFECTCODE>6387</DEFECTCODE><DESCRIPTION>'hMutex' could be '0':  this does not adhere to the specification for the function 'CloseHandle'. See line 1420 for an earlier location where this can occur</DESCRIPTION><FUNCTION>UserSessionApp::ProcessCommandLine</FUNCTION><DECORATED>?ProcessCommandLine@UserSessionApp@@AAEXXZ</DECORATED><FUNCLINE>1243</FUNCLINE><PROBABILITY>1</PROBABILITY><RANK>4</RANK><CATEGORY><RULECATEGORY>mspft</RULECATEGORY></CATEGORY><PATH><SFA><FILEPATH>d:\waldo\trunka\source\apps\fontservice\</FILEPATH><FILENAME>usersessionapp.cpp</FILENAME><LINE>1245</LINE><COLUMN>7</COLUMN></SFA><SFA><FILEPATH>d:\waldo\trunka\source\apps\fontservice\</FILEPATH><FILENAME>usersessionapp.cpp</FILENAME><LINE>1247</LINE><COLUMN>29</COLUMN></SFA><SFA><FILEPATH>d:\waldo\trunka\source\apps\fontservice\</FILEPATH><FILENAME>usersessionapp.cpp</FILENAME><LINE>1253</LINE><COLUMN>30</COLUMN></SFA><SFA><FILEPATH>d:\waldo\trunka\source\apps\fontservice\</FILEPATH><FILENAME>usersessionapp.cpp</FILENAME><LINE>1255</LINE><COLUMN>14</COLUMN></SFA><SFA><FILEPATH>d:\waldo\trunka\source\apps\fontservice\</FILEPATH><FILENAME>usersessionapp.cpp</FILENAME><LINE>1257</LINE><COLUMN>15</COLUMN></SFA><SFA><FILEPATH>d:\waldo\trunka\source\apps\fontservice\</FILEPATH><FILENAME>usersessionapp.cpp</FILENAME><LINE>1257</LINE><COLUMN>24</COLUMN></SFA><SFA><FILEPATH>d:\waldo\trunka\source\apps\fontservice\</FILEPATH><FILENAME>usersessionapp.cpp</FILENAME><LINE>1259</LINE><COLUMN>28</COLUMN></SFA><SFA><FILEPATH>d:\waldo\trunka\source\apps\fontservice\</FILEPATH><FILENAME>usersessionapp.cpp</FILENAME><LINE>1265</LINE><COLUMN>33</COLUMN></SFA><SFA><FILEPATH>d:\waldo\trunka\source\apps\fontservice\</FILEPATH><FILENAME>usersessionapp.cpp</FILENAME><LINE>1272</LINE><COLUMN>33</COLUMN></SFA><SFA><FILEPATH>d:\waldo\trunka\source\apps\fontservice\</FILEPATH><FILENAME>usersessionapp.cpp</FILENAME><LINE>1279</LINE><COLUMN>33</COLUMN></SFA><SFA><FILEPATH>d:\waldo\trunka\source\apps\fontservice\</FILEPATH><FILENAME>usersessionapp.cpp</FILENAME><LINE>1286</LINE><COLUMN>32</COLUMN></SFA><SFA><FILEPATH>d:\waldo\trunka\source\apps\fontservice\</FILEPATH><FILENAME>usersessionapp.cpp</FILENAME><LINE>1294</LINE><COLUMN>32</COLUMN></SFA><SFA><FILEPATH>d:\waldo\trunka\source\apps\fontservice\</FILEPATH><FILENAME>usersessionapp.cpp</FILENAME><LINE>1301</LINE><COLUMN>32</COLUMN></SFA><SFA><FILEPATH>d:\waldo\trunka\source\apps\fontservice\</FILEPATH><FILENAME>usersessionapp.cpp</FILENAME><LINE>1308</LINE><COLUMN>32</COLUMN></SFA><SFA><FILEPATH>d:\waldo\trunka\source\apps\fontservice\</FILEPATH><FILENAME>usersessionapp.cpp</FILENAME><LINE>1315</LINE><COLUMN>32</COLUMN></SFA><SFA><FILEPATH>d:\waldo\trunka\source\apps\fontservice\</FILEPATH><FILENAME>usersessionapp.cpp</FILENAME><LINE>1324</LINE><COLUMN>32</COLUMN></SFA><SFA><FILEPATH>d:\waldo\trunka\source\apps\fontservice\</FILEPATH><FILENAME>usersessionapp.cpp</FILENAME><LINE>1334</LINE><COLUMN>32</COLUMN></SFA><SFA><FILEPATH>d:\waldo\trunka\source\apps\fontservice\</FILEPATH><FILENAME>usersessionapp.cpp</FILENAME><LINE>1349</LINE><COLUMN>32</COLUMN></SFA><SFA><FILEPATH>d:\waldo\trunka\source\apps\fontservice\</FILEPATH><FILENAME>usersessionapp.cpp</FILENAME><LINE>1355</LINE><COLUMN>32</COLUMN></SFA><SFA><FILEPATH>d:\waldo\trunka\source\apps\fontservice\</FILEPATH><FILENAME>usersessionapp.cpp</FILENAME><LINE>1370</LINE><COLUMN>32</COLUMN></SFA><SFA><FILEPATH>d:\waldo\trunka\source\apps\fontservice\</FILEPATH><FILENAME>usersessionapp.cpp</FILENAME><LINE>1377</LINE><COLUMN>32</COLUMN></SFA><SFA><FILEPATH>d:\waldo\trunka\source\apps\fontservice\</FILEPATH><FILENAME>usersessionapp.cpp</FILENAME><LINE>1388</LINE><COLUMN>32</COLUMN></SFA><SFA><FILEPATH>d:\waldo\trunka\source\apps\fontservice\</FILEPATH><FILENAME>usersessionapp.cpp</FILENAME><LINE>1397</LINE><COLUMN>32</COLUMN></SFA><SFA><FILEPATH>d:\waldo\trunka\source\apps\fontservice\</FILEPATH><FILENAME>usersessionapp.cpp</FILENAME><LINE>1408</LINE><COLUMN>46</COLUMN></SFA><SFA><FILEPATH>d:\waldo\trunka\source\apps\fontservice\</FILEPATH><FILENAME>usersessionapp.cpp</FILENAME><LINE>1413</LINE><COLUMN>32</COLUMN></SFA><SFA><FILEPATH>d:\waldo\trunka\source\apps\fontservice\</FILEPATH><FILENAME>usersessionapp.cpp</FILENAME><LINE>1415</LINE><COLUMN>61</COLUMN></SFA><SFA><FILEPATH>d:\waldo\trunka\source\apps\fontservice\</FILEPATH><FILENAME>usersessionapp.cpp</FILENAME><LINE>1415</LINE><COLUMN>52</COLUMN></SFA><SFA><FILEPATH>d:\waldo\trunka\source\apps\fontservice\</FILEPATH><FILENAME>usersessionapp.cpp</FILENAME><LINE>1415</LINE><COLUMN>34</COLUMN></SFA><SFA><FILEPATH>d:\waldo\trunka\source\apps\fontservice\</FILEPATH><FILENAME>usersessionapp.cpp</FILENAME><LINE>1416</LINE><COLUMN>73</COLUMN></SFA><SFA><FILEPATH>d:\waldo\trunka\source\apps\fontservice\</FILEPATH><FILENAME>usersessionapp.cpp</FILENAME><LINE>1416</LINE><COLUMN>53</COLUMN></SFA><SFA><FILEPATH>d:\waldo\trunka\source\apps\fontservice\</FILEPATH><FILENAME>usersessionapp.cpp</FILENAME><LINE>1416</LINE><COLUMN>34</COLUMN></SFA><SFA><FILEPATH>d:\waldo\trunka\source\apps\fontservice\</FILEPATH><FILENAME>usersessionapp.cpp</FILENAME><LINE>1419</LINE><COLUMN>117</COLUMN></SFA><SFA><FILEPATH>d:\waldo\trunka\source\apps\fontservice\</FILEPATH><FILENAME>usersessionapp.cpp</FILENAME><LINE>1419</LINE><COLUMN>115</COLUMN></SFA><SFA><FILEPATH>d:\waldo\trunka\source\apps\fontservice\</FILEPATH><FILENAME>usersessionapp.cpp</FILENAME><LINE>1419</LINE><COLUMN>12</COLUMN><KEYEVENT><ID>1</ID><KIND>declaration</KIND><IMPORTANCE>Essential</IMPORTANCE><MESSAGE>'hMutex' may be NULL</MESSAGE></KEYEVENT></SFA><SFA><FILEPATH>d:\waldo\trunka\source\apps\fontservice\</FILEPATH><FILENAME>usersessionapp.cpp</FILENAME><LINE>1420</LINE><COLUMN>11</COLUMN><KEYEVENT><ID>2</ID><KIND>usage</KIND><IMPORTANCE>Full</IMPORTANCE><MESSAGE>'hMutex' is an Input to 'WaitForSingleObject' (declared at c:\program files (x86)\windows kits\8.1\include\um\synchapi.h:473)</MESSAGE></KEYEVENT></SFA><SFA><FILEPATH>d:\waldo\trunka\source\apps\fontservice\</FILEPATH><FILENAME>usersessionapp.cpp</FILENAME><LINE>1421</LINE><COLUMN>38</COLUMN><KEYEVENT><ID>3</ID><KIND>branch</KIND><IMPORTANCE>Full</IMPORTANCE><MESSAGE>Skip this branch, (assume '&lt;branch condition&gt;' is false)</MESSAGE></KEYEVENT></SFA><SFA><FILEPATH>d:\waldo\trunka\source\apps\fontservice\</FILEPATH><FILENAME>usersessionapp.cpp</FILENAME><LINE>1427</LINE><COLUMN>18</COLUMN><KEYEVENT><ID>4</ID><KIND>usage</KIND><IMPORTANCE>Full</IMPORTANCE><MESSAGE>'hMutex' is an Input to 'CloseHandle' (declared at c:\program files (x86)\windows kits\8.1\include\um\handleapi.h:50)</MESSAGE></KEYEVENT></SFA><SFA><FILEPATH>d:\waldo\trunka\source\apps\fontservice\</FILEPATH><FILENAME>usersessionapp.cpp</FILENAME><LINE>1427</LINE><COLUMN>18</COLUMN><KEYEVENT><ID>5</ID><KIND>usage</KIND><IMPORTANCE>Essential</IMPORTANCE><MESSAGE>'hMutex' should not be NULL, because this is not consistent with the SAL annotation on 'CloseHandle'</MESSAGE></KEYEVENT></SFA></PATH></DEFECT><DEFECT><SFA><FILEPATH>d:\waldo\trunka\source\apps\fontservice\</FILEPATH><FILENAME>usersessionapp.cpp</FILENAME><LINE>1425</LINE><COLUMN>20</COLUMN></SFA><DEFECTCODE>6387</DEFECTCODE><DESCRIPTION>'hMutex' could be '0':  this does not adhere to the specification for the function 'ReleaseMutex'. See line 1420 for an earlier location where this can occur</DESCRIPTION><FUNCTION>UserSessionApp::ProcessCommandLine</FUNCTION><DECORATED>?ProcessCommandLine@UserSessionApp@@AAEXXZ</DECORATED><FUNCLINE>1243</FUNCLINE><PROBABILITY>1</PROBABILITY><RANK>4</RANK><CATEGORY><RULECATEGORY>mspft</RULECATEGORY></CATEGORY><PATH><SFA><FILEPATH>d:\waldo\trunka\source\apps\fontservice\</FILEPATH><FILENAME>usersessionapp.cpp</FILENAME><LINE>1245</LINE><COLUMN>7</COLUMN></SFA><SFA><FILEPATH>d:\waldo\trunka\source\apps\fontservice\</FILEPATH><FILENAME>usersessionapp.cpp</FILENAME><LINE>1247</LINE><COLUMN>29</COLUMN></SFA><SFA><FILEPATH>d:\waldo\trunka\source\apps\fontservice\</FILEPATH><FILENAME>usersessionapp.cpp</FILENAME><LINE>1253</LINE><COLUMN>30</COLUMN></SFA><SFA><FILEPATH>d:\waldo\trunka\source\apps\fontservice\</FILEPATH><FILENAME>usersessionapp.cpp</FILENAME><LINE>1255</LINE><COLUMN>14</COLUMN></SFA><SFA><FILEPATH>d:\waldo\trunka\source\apps\fontservice\</FILEPATH><FILENAME>usersessionapp.cpp</FILENAME><LINE>1257</LINE><COLUMN>15</COLUMN></SFA><SFA><FILEPATH>d:\waldo\trunka\source\apps\fontservice\</FILEPATH><FILENAME>usersessionapp.cpp</FILENAME><LINE>1257</LINE><COLUMN>24</COLUMN></SFA><SFA><FILEPATH>d:\waldo\trunka\source\apps\fontservice\</FILEPATH><FILENAME>usersessionapp.cpp</FILENAME><LINE>1259</LINE><COLUMN>28</COLUMN></SFA><SFA><FILEPATH>d:\waldo\trunka\source\apps\fontservice\</FILEPATH><FILENAME>usersessionapp.cpp</FILENAME><LINE>1265</LINE><COLUMN>33</COLUMN></SFA><SFA><FILEPATH>d:\waldo\trunka\source\apps\fontservice\</FILEPATH><FILENAME>usersessionapp.cpp</FILENAME><LINE>1272</LINE><COLUMN>33</COLUMN></SFA><SFA><FILEPATH>d:\waldo\trunka\source\apps\fontservice\</FILEPATH><FILENAME>usersessionapp.cpp</FILENAME><LINE>1279</LINE><COLUMN>33</COLUMN></SFA><SFA><FILEPATH>d:\waldo\trunka\source\apps\fontservice\</FILEPATH><FILENAME>usersessionapp.cpp</FILENAME><LINE>1286</LINE><COLUMN>32</COLUMN></SFA><SFA><FILEPATH>d:\waldo\trunka\source\apps\fontservice\</FILEPATH><FILENAME>usersessionapp.cpp</FILENAME><LINE>1294</LINE><COLUMN>32</COLUMN></SFA><SFA><FILEPATH>d:\waldo\trunka\source\apps\fontservice\</FILEPATH><FILENAME>usersessionapp.cpp</FILENAME><LINE>1301</LINE><COLUMN>32</COLUMN></SFA><SFA><FILEPATH>d:\waldo\trunka\source\apps\fontservice\</FILEPATH><FILENAME>usersessionapp.cpp</FILENAME><LINE>1308</LINE><COLUMN>32</COLUMN></SFA><SFA><FILEPATH>d:\waldo\trunka\source\apps\fontservice\</FILEPATH><FILENAME>usersessionapp.cpp</FILENAME><LINE>1315</LINE><COLUMN>32</COLUMN></SFA><SFA><FILEPATH>d:\waldo\trunka\source\apps\fontservice\</FILEPATH><FILENAME>usersessionapp.cpp</FILENAME><LINE>1324</LINE><COLUMN>32</COLUMN></SFA><SFA><FILEPATH>d:\waldo\trunka\source\apps\fontservice\</FILEPATH><FILENAME>usersessionapp.cpp</FILENAME><LINE>1334</LINE><COLUMN>32</COLUMN></SFA><SFA><FILEPATH>d:\waldo\trunka\source\apps\fontservice\</FILEPATH><FILENAME>usersessionapp.cpp</FILENAME><LINE>1349</LINE><COLUMN>32</COLUMN></SFA><SFA><FILEPATH>d:\waldo\trunka\source\apps\fontservice\</FILEPATH><FILENAME>usersessionapp.cpp</FILENAME><LINE>1355</LINE><COLUMN>32</COLUMN></SFA><SFA><FILEPATH>d:\waldo\trunka\source\apps\fontservice\</FILEPATH><FILENAME>usersessionapp.cpp</FILENAME><LINE>1370</LINE><COLUMN>32</COLUMN></SFA><SFA><FILEPATH>d:\waldo\trunka\source\apps\fontservice\</FILEPATH><FILENAME>usersessionapp.cpp</FILENAME><LINE>1377</LINE><COLUMN>32</COLUMN></SFA><SFA><FILEPATH>d:\waldo\trunka\source\apps\fontservice\</FILEPATH><FILENAME>usersessionapp.cpp</FILENAME><LINE>1388</LINE><COLUMN>32</COLUMN></SFA><SFA><FILEPATH>d:\waldo\trunka\source\apps\fontservice\</FILEPATH><FILENAME>usersessionapp.cpp</FILENAME><LINE>1397</LINE><COLUMN>32</COLUMN></SFA><SFA><FILEPATH>d:\waldo\trunka\source\apps\fontservice\</FILEPATH><FILENAME>usersessionapp.cpp</FILENAME><LINE>1408</LINE><COLUMN>46</COLUMN></SFA><SFA><FILEPATH>d:\waldo\trunka\source\apps\fontservice\</FILEPATH><FILENAME>usersessionapp.cpp</FILENAME><LINE>1413</LINE><COLUMN>32</COLUMN></SFA><SFA><FILEPATH>d:\waldo\trunka\source\apps\fontservice\</FILEPATH><FILENAME>usersessionapp.cpp</FILENAME><LINE>1415</LINE><COLUMN>61</COLUMN></SFA><SFA><FILEPATH>d:\waldo\trunka\source\apps\fontservice\</FILEPATH><FILENAME>usersessionapp.cpp</FILENAME><LINE>1415</LINE><COLUMN>52</COLUMN></SFA><SFA><FILEPATH>d:\waldo\trunka\source\apps\fontservice\</FILEPATH><FILENAME>usersessionapp.cpp</FILENAME><LINE>1415</LINE><COLUMN>34</COLUMN></SFA><SFA><FILEPATH>d:\waldo\trunka\source\apps\fontservice\</FILEPATH><FILENAME>usersessionapp.cpp</FILENAME><LINE>1416</LINE><COLUMN>73</COLUMN></SFA><SFA><FILEPATH>d:\waldo\trunka\source\apps\fontservice\</FILEPATH><FILENAME>usersessionapp.cpp</FILENAME><LINE>1416</LINE><COLUMN>53</COLUMN></SFA><SFA><FILEPATH>d:\waldo\trunka\source\apps\fontservice\</FILEPATH><FILENAME>usersessionapp.cpp</FILENAME><LINE>1416</LINE><COLUMN>34</COLUMN></SFA><SFA><FILEPATH>d:\waldo\trunka\source\apps\fontservice\</FILEPATH><FILENAME>usersessionapp.cpp</FILENAME><LINE>1419</LINE><COLUMN>117</COLUMN></SFA><SFA><FILEPATH>d:\waldo\trunka\source\apps\fontservice\</FILEPATH><FILENAME>usersessionapp.cpp</FILENAME><LINE>1419</LINE><COLUMN>115</COLUMN></SFA><SFA><FILEPATH>d:\waldo\trunka\source\apps\fontservice\</FILEPATH><FILENAME>usersessionapp.cpp</FILENAME><LINE>1419</LINE><COLUMN>12</COLUMN><KEYEVENT><ID>1</ID><KIND>declaration</KIND><IMPORTANCE>Essential</IMPORTANCE><MESSAGE>'hMutex' may be NULL</MESSAGE></KEYEVENT></SFA><SFA><FILEPATH>d:\waldo\trunka\source\apps\fontservice\</FILEPATH><FILENAME>usersessionapp.cpp</FILENAME><LINE>1420</LINE><COLUMN>11</COLUMN><KEYEVENT><ID>2</ID><KIND>usage</KIND><IMPORTANCE>Full</IMPORTANCE><MESSAGE>'hMutex' is an Input to 'WaitForSingleObject' (declared at c:\program files (x86)\windows kits\8.1\include\um\synchapi.h:473)</MESSAGE></KEYEVENT></SFA><SFA><FILEPATH>d:\waldo\trunka\source\apps\fontservice\</FILEPATH><FILENAME>usersessionapp.cpp</FILENAME><LINE>1421</LINE><COLUMN>38</COLUMN><KEYEVENT><ID>3</ID><KIND>branch</KIND><IMPORTANCE>Full</IMPORTANCE><MESSAGE>Enter this branch, (assume '&lt;branch condition&gt;')</MESSAGE></KEYEVENT></SFA><SFA><FILEPATH>d:\waldo\trunka\source\apps\fontservice\</FILEPATH><FILENAME>usersessionapp.cpp</FILENAME><LINE>1424</LINE><COLUMN>16</COLUMN></SFA><SFA><FILEPATH>d:\waldo\trunka\source\apps\fontservice\</FILEPATH><FILENAME>usersessionapp.cpp</FILENAME><LINE>1425</LINE><COLUMN>20</COLUMN><KEYEVENT><ID>4</ID><KIND>usage</KIND><IMPORTANCE>Full</IMPORTANCE><MESSAGE>'hMutex' is an Input to 'ReleaseMutex' (declared at c:\program files (x86)\windows kits\8.1\include\um\synchapi.h:458)</MESSAGE></KEYEVENT></SFA><SFA><FILEPATH>d:\waldo\trunka\source\apps\fontservice\</FILEPATH><FILENAME>usersessionapp.cpp</FILENAME><LINE>1425</LINE><COLUMN>20</COLUMN><KEYEVENT><ID>5</ID><KIND>usage</KIND><IMPORTANCE>Essential</IMPORTANCE><MESSAGE>'hMutex' should not be NULL, because this is not consistent with the SAL annotation on 'ReleaseMutex'</MESSAGE></KEYEVENT></SFA></PATH></DEFECT><DEFECT><SFA><FILEPATH>d:\waldo\trunka\source\common\include\cdrcontainer\</FILEPATH><FILENAME>metadata.h</FILENAME><LINE>139</LINE><COLUMN>0</COLUMN></SFA><DEFECTCODE>6246</DEFECTCODE><DESCRIPTION>Local declaration of 'val' hides declaration of the same name in outer scope. For additional information, see previous declaration at line '133' of 'd:\waldo\trunka\source\common\include\cdrcontainer\metadata.h'.</DESCRIPTION><FUNCTION>Metadata::ArrayBase&lt;Metadata::DataType::AlternativeIntArray,int,Metadata::DataType::Int&gt;::Serialize</FUNCTION><DECORATED>?Serialize@?$ArrayBase@UAlternativeIntArray@DataType@Metadata@@HUInt@23@@Metadata@@UBEXAAVContainer@2@PAVNode@XmlNS@@ABVAny@CrlUtils@@@Z</DECORATED><FUNCLINE>133</FUNCLINE><PATH><SFA><FILEPATH>d:\waldo\trunka\source\common\include\cdrcontainer\</FILEPATH><FILENAME>metadata.h</FILENAME><LINE>133</LINE><COLUMN>0</COLUMN></SFA></PATH></DEFECT><DEFECT><SFA><FILEPATH>d:\waldo\trunka\source\common\include\cdrcontainer\</FILEPATH><FILENAME>metadata.h</FILENAME><LINE>139</LINE><COLUMN>0</COLUMN></SFA><DEFECTCODE>6246</DEFECTCODE><DESCRIPTION>Local declaration of 'val' hides declaration of the same name in outer scope. For additional information, see previous declaration at line '133' of 'd:\waldo\trunka\source\common\include\cdrcontainer\metadata.h'.</DESCRIPTION><FUNCTION>Metadata::ArrayBase&lt;Metadata::DataType::UnorderedIntArray,int,Metadata::DataType::Int&gt;::Serialize</FUNCTION><DECORATED>?Serialize@?$ArrayBase@UUnorderedIntArray@DataType@Metadata@@HUInt@23@@Metadata@@UBEXAAVContainer@2@PAVNode@XmlNS@@ABVAny@CrlUtils@@@Z</DECORATED><FUNCLINE>133</FUNCLINE><PATH><SFA><FILEPATH>d:\waldo\trunka\source\common\include\cdrcontainer\</FILEPATH><FILENAME>metadata.h</FILENAME><LINE>133</LINE><COLUMN>0</COLUMN></SFA></PATH></DEFECT><DEFECT><SFA><FILEPATH>d:\waldo\trunka\source\common\include\cdrcontainer\</FILEPATH><FILENAME>metadata.h</FILENAME><LINE>139</LINE><COLUMN>0</COLUMN></SFA><DEFECTCODE>6246</DEFECTCODE><DESCRIPTION>Local declaration of 'val' hides declaration of the same name in outer scope. For additional information, see previous declaration at line '133' of 'd:\waldo\trunka\source\common\include\cdrcontainer\metadata.h'.</DESCRIPTION><FUNCTION>Metadata::ArrayBase&lt;Metadata::DataType::OrderedIntArray,int,Metadata::DataType::Int&gt;::Serialize</FUNCTION><DECORATED>?Serialize@?$ArrayBase@UOrderedIntArray@DataType@Metadata@@HUInt@23@@Metadata@@UBEXAAVContainer@2@PAVNode@XmlNS@@ABVAny@CrlUtils@@@Z</DECORATED><FUNCLINE>133</FUNCLINE><PATH><SFA><FILEPATH>d:\waldo\trunka\source\common\include\cdrcontainer\</FILEPATH><FILENAME>metadata.h</FILENAME><LINE>133</LINE><COLUMN>0</COLUMN></SFA></PATH></DEFECT><DEFECT><SFA><FILEPATH>d:\waldo\trunka\source\common\include\cdrcontainer\</FILEPATH><FILENAME>metadata.h</FILENAME><LINE>139</LINE><COLUMN>0</COLUMN></SFA><DEFECTCODE>6246</DEFECTCODE><DESCRIPTION>Local declaration of 'val' hides declaration of the same name in outer scope. For additional information, see previous declaration at line '133' of 'd:\waldo\trunka\source\common\include\cdrcontainer\metadata.h'.</DESCRIPTION><FUNCTION>Metadata::ArrayBase&lt;Metadata::DataType::UnorderedStringArray,ATL::CStringT&lt;wchar_t,StrTraitMFC_DLL&lt;wchar_t,ATL::ChTraitsCRT&lt;wchar_t&gt; &gt; &gt;,Metadata::DataType::String&gt;::Serialize</FUNCTION><DECORATED>?Serialize@?$ArrayBase@UUnorderedStringArray@DataType@Metadata@@V?$CStringT@_WV?$StrTraitMFC_DLL@_WV?$ChTraitsCRT@_W@ATL@@@@@ATL@@UString@23@@Metadata@@UBEXAAVContainer@2@PAVNode@XmlNS@@ABVAny@CrlUtils@@@Z</DECORATED><FUNCLINE>133</FUNCLINE><PATH><SFA><FILEPATH>d:\waldo\trunka\source\common\include\cdrcontainer\</FILEPATH><FILENAME>metadata.h</FILENAME><LINE>133</LINE><COLUMN>0</COLUMN></SFA></PATH></DEFECT><DEFECT><SFA><FILEPATH>d:\waldo\trunka\source\common\include\cdrcontainer\</FILEPATH><FILENAME>metadata.h</FILENAME><LINE>139</LINE><COLUMN>0</COLUMN></SFA><DEFECTCODE>6246</DEFECTCODE><DESCRIPTION>Local declaration of 'val' hides declaration of the same name in outer scope. For additional information, see previous declaration at line '133' of 'd:\waldo\trunka\source\common\include\cdrcontainer\metadata.h'.</DESCRIPTION><FUNCTION>Metadata::ArrayBase&lt;Metadata::DataType::OrderedStringArray,ATL::CStringT&lt;wchar_t,StrTraitMFC_DLL&lt;wchar_t,ATL::ChTraitsCRT&lt;wchar_t&gt; &gt; &gt;,Metadata::DataType::String&gt;::Serialize</FUNCTION><DECORATED>?Serialize@?$ArrayBase@UOrderedStringArray@DataType@Metadata@@V?$CStringT@_WV?$StrTraitMFC_DLL@_WV?$ChTraitsCRT@_W@ATL@@@@@ATL@@UString@23@@Metadata@@UBEXAAVContainer@2@PAVNode@XmlNS@@ABVAny@CrlUtils@@@Z</DECORATED><FUNCLINE>133</FUNCLINE><PATH><SFA><FILEPATH>d:\waldo\trunka\source\common\include\cdrcontainer\</FILEPATH><FILENAME>metadata.h</FILENAME><LINE>133</LINE><COLUMN>0</COLUMN></SFA></PATH></DEFECT><DEFECT><SFA><FILEPATH>d:\waldo\trunka\source\common\include\crli18n\</FILEPATH><FILENAME>opentypefont.h</FILENAME><LINE>36</LINE><COLUMN>0</COLUMN></SFA><DEFECTCODE>6326</DEFECTCODE><DESCRIPTION>Potential comparison of a constant with another constant.</DESCRIPTION><FUNCTION>CorelOpenType::EndianSwapBytes</FUNCTION><DECORATED>??$EndianSwapBytes@H@CorelOpenType@@YAHH@Z</DECORATED><FUNCLINE>34</FUNCLINE><PATH/></DEFECT><DEFECT><SFA><FILEPATH>d:\waldo\trunka\source\common\include\crli18n\</FILEPATH><FILENAME>opentypefont.h</FILENAME><LINE>36</LINE><COLUMN>0</COLUMN></SFA><DEFECTCODE>6326</DEFECTCODE><DESCRIPTION>Potential comparison of a constant with another constant.</DESCRIPTION><FUNCTION>CorelOpenType::EndianSwapBytes</FUNCTION><DECORATED>??$EndianSwapBytes@I@CorelOpenType@@YAII@Z</DECORATED><FUNCLINE>34</FUNCLINE><PATH/></DEFECT><DEFECT><SFA><FILEPATH>d:\waldo\trunka\source\common\include\crli18n\</FILEPATH><FILENAME>opentypefont.h</FILENAME><LINE>36</LINE><COLUMN>0</COLUMN></SFA><DEFECTCODE>6326</DEFECTCODE><DESCRIPTION>Potential comparison of a constant with another constant.</DESCRIPTION><FUNCTION>CorelOpenType::EndianSwapBytes</FUNCTION><DECORATED>??$EndianSwapBytes@F@CorelOpenType@@YAFF@Z</DECORATED><FUNCLINE>34</FUNCLINE><PATH/></DEFECT><DEFECT><SFA><FILEPATH>d:\waldo\trunka\source\common\include\crli18n\</FILEPATH><FILENAME>opentypefont.h</FILENAME><LINE>36</LINE><COLUMN>0</COLUMN></SFA><DEFECTCODE>6326</DEFECTCODE><DESCRIPTION>Potential comparison of a constant with another constant.</DESCRIPTION><FUNCTION>CorelOpenType::EndianSwapBytes</FUNCTION><DECORATED>??$EndianSwapBytes@G@CorelOpenType@@YAGG@Z</DECORATED><FUNCLINE>34</FUNCLINE><PATH/></DEFECT><DEFECT><SFA><FILEPATH>d:\waldo\trunka\source\common\include\</FILEPATH><FILENAME>os.h</FILENAME><LINE>298</LINE><COLUMN>0</COLUMN></SFA><DEFECTCODE>6101</DEFECTCODE><DESCRIPTION>Returning uninitialized memory '*p'.  A successful path through the function does not set the named _Out_ parameter. </DESCRIPTION><FUNCTION>free</FUNCTION><DECORATED>??$free@PA_W@@YAXPAPA_W@Z</DECORATED><FUNCLINE>298</FUNCLINE><PROBABILITY>1</PROBABILITY><RANK>3</RANK><CATEGORY><RULECATEGORY>mspft</RULECATEGORY></CATEGORY><PATH><SFA><FILEPATH>d:\waldo\trunka\source\common\include\</FILEPATH><FILENAME>os.h</FILENAME><LINE>302</LINE><COLUMN>2</COLUMN></SFA><SFA><FILEPATH>d:\waldo\trunka\source\common\include\</FILEPATH><FILENAME>os.h</FILENAME><LINE>304</LINE><COLUMN>1</COLUMN><KEYEVENT><ID>1</ID><KIND>declaration</KIND><IMPORTANCE>Essential</IMPORTANCE><MESSAGE>'*p' is not initialized</MESSAGE></KEYEVENT></SFA><SFA><FILEPATH>d:\waldo\trunka\source\common\include\</FILEPATH><FILENAME>os.h</FILENAME><LINE>298</LINE><COLUMN>0</COLUMN><KEYEVENT><ID>2</ID><KIND>usage</KIND><IMPORTANCE>Essential</IMPORTANCE><MESSAGE>'*p' is an _Out_ parameter that may not have been assigned to</MESSAGE></KEYEVENT></SFA></PATH></DEFECT></DEFECTS>